dataset_label;link_immometrica;ort;adresse;titel;preis;wohnflaeche;roi_s;tage_online;agent_decision;agent_klasse;score_vor_malus;agent_liquiditaets_malus;score_final;exclusion_reason;risk_level;next_step;audit_kategorie;audit_liquiditaets_malus;manual_review_required;validation_result
20260701_offers_Hannover;https://www.immometrica.com/de/offer/16526363;List;Hinrichsring 12, 30177 Hannover;Hinrichsring: Vermietete 2-Zimmer-Wohnung mit Balkon nähe Mittellandkanal;99000;66;8.5;1098;Ausschließen;❌ AUSSCHLIESSEN;64;-30;34;⚠️ CLUSTER gleiche Straße + PLZ;🟡 PRÜFEN;Ausschließen oder nur bei deutlichem Preisnachlass erneut prüfen.;möglicher False Negative: gute ROI, aber stark altes Inserat;-30;True;POTENTIAL_FALSE_NEGATIVE
20260701_offers_Hannover;https://www.immometrica.com/de/offer/17902470;Alt-Laatzen;Flemingstraße, 30880 Laatzen (Laatzen-Mitte);Gut geschnittene Etagenwohnung mit Sonnenbalkon und 1 Tiefgaragenplatz;105000;59;6.9;943;Ausschließen;❌ AUSSCHLIESSEN;57;-30;27;"Stadt/Ort nicht in Whitelist: Laatzen; ⚠️ CLUSTER gleiche Straße + PLZ";🔴 BLOCKER;"Nicht im Zielmarkt Hannover-Stadt; nur beobachten, falls Region explizit freigegeben wird.";möglicher False Negative: gute ROI, aber stark altes Inserat;-30;True;POTENTIAL_FALSE_NEGATIVE
20260701_offers_Hannover;https://www.immometrica.com/de/offer/21068810;Barsinghausen;Allerweg 1, 30890 Barsinghausen;!! Provisionsfrei !!Schicke 2 Zi.ETW/3 WE/ effiziente neue Heizung/Garten/ca. 18 km bis Hannover;98000;65;6.7;625;Ausschließen;❌ AUSSCHLIESSEN;59;-30;29;"Stadt/Ort nicht in Whitelist: Barsinghausen; Hausgeld fehlt";🔴 BLOCKER;"Nicht im Zielmarkt Hannover-Stadt; nur beobachten, falls Region explizit freigegeben wird.";möglicher False Negative: gute ROI, aber stark altes Inserat;-30;True;POTENTIAL_FALSE_NEGATIVE
20260701_offers_Hannover;https://www.immometrica.com/de/offer/22840770;Linden-Mitte;Am Ihmeufer 3, 30449 Hannover;Ihr neues IMMOBILIEN QUARTIER: Gepflegte & gut vermietete 2-Zimmer Wohnung im Ihmezentrum;75000;64.1;12.2;453;Ausschließen;❌ AUSSCHLIESSEN;37;-30;7;IHME-ZENTRUM-FALLE / Ihme-Risiko;🟡 PRÜFEN;Ausschließen oder nur bei deutlichem Preisnachlass erneut prüfen.;möglicher False Negative: gute ROI, aber stark altes Inserat;-30;True;POTENTIAL_FALSE_NEGATIVE
20260701_offers_Hannover;https://www.immometrica.com/de/offer/23204182;Burgwedel;Pappelweg 7b, 30938, Burgwedel;attraktive Wohnung zur Kapitalanlage;89000;35;5.4;415;Ausschließen;❌ AUSSCHLIESSEN;33;-30;3;Stadt/Ort nicht in Whitelist: Burgwedel;🔴 BLOCKER;"Nicht im Zielmarkt Hannover-Stadt; nur beobachten, falls Region explizit freigegeben wird.";Grenzfall: attraktive ROI, aber sehr lange online;-30;True;POTENTIAL_FALSE_NEGATIVE
20260701_offers_Hannover;https://www.immometrica.com/de/offer/23246720;Badenstedt;Ziesenißstr. 22, 30455 Badenstedt, Hannover;Anlage-Einstieg: Vermietete 2-Zimmer-Wohnung in guter Lage Hann.-Badenstedt.;137900;56.61;5.0;412;Ausschließen;❌ AUSSCHLIESSEN;48;-30;18;;🟡 PRÜFEN;Ausschließen oder nur bei deutlichem Preisnachlass erneut prüfen.;Grenzfall: attraktive ROI, aber sehr lange online;-30;True;POTENTIAL_FALSE_NEGATIVE
20260701_offers_Hannover;https://www.immometrica.com/de/offer/23307683;Hannover;Ihmeplatz 6, 30449 Hannover;Gepflegte, vermietete 2 Zimmer Whg.;57000;61.57;13.9;406;Ausschließen;❌ AUSSCHLIESSEN;46;-30;16;"IHME-ZENTRUM-FALLE / Ihme-Risiko; ⚠️ CLUSTER gleiche Straße + PLZ";🟡 PRÜFEN;Ausschließen oder nur bei deutlichem Preisnachlass erneut prüfen.;möglicher False Negative: gute ROI, aber stark altes Inserat;-30;True;POTENTIAL_FALSE_NEGATIVE
20260701_offers_Hannover;https://www.immometrica.com/de/offer/23358818;Springe;Steinberg 57, 31832 Springe;Eigennutzung oder Vermietung: Top gepflegte 2-Zimmer-Wohnung mit Terrasse und Garage;99000;58;5.7;401;Ausschließen;❌ AUSSCHLIESSEN;61;-30;31;"Stadt/Ort nicht in Whitelist: Springe; ⚠️ CLUSTER gleiche Straße + PLZ";🔴 BLOCKER;"Nicht im Zielmarkt Hannover-Stadt; nur beobachten, falls Region explizit freigegeben wird.";Grenzfall: attraktive ROI, aber sehr lange online;-30;True;POTENTIAL_FALSE_NEGATIVE
20260701_offers_Hannover;https://www.immometrica.com/de/offer/23481254;Hannover;Ihmeplatz 1, 30449 Linden-Mitte, Hannover;Renovierte 1-Zimmer Wohnung für Kapitalanleger - 7,35 % Mietrendite - im Ihmezentrum;80000;31;6.4;390;Ausschließen;❌ AUSSCHLIESSEN;0;-30;0;"IHME-ZENTRUM-FALLE / Ihme-Risiko; SANIERUNGSSTAU / renovierungsbedürftig; ⚠️ CLUSTER gleiche Straße + PLZ";🟡 PRÜFEN;Ausschließen oder nur bei deutlichem Preisnachlass erneut prüfen.;möglicher False Negative: gute ROI, aber stark altes Inserat;-30;True;POTENTIAL_FALSE_NEGATIVE
20260701_offers_Hannover;https://www.immometrica.com/de/offer/23582066;Mittelfeld;Washingtonweg 1A, 30519 Mittelfeld, Hannover;Moderne & frisch sanierte 1-Zimmer-Wohnung: hell, sonniger Balkon + schöner Ausblick ins Grüne;75000;25.39;6.6;379;Ausschließen;❌ AUSSCHLIESSEN;55;-30;25;"Wohnfläche < 30 m²; Hausgeld fehlt; ⚠️ CLUSTER gleiche Straße + PLZ";🔴 BLOCKER;"Ausschluss dokumentieren; nur Audit-Grenzfall prüfen.";möglicher False Negative: gute ROI, aber stark altes Inserat;-30;True;POTENTIAL_FALSE_NEGATIVE
20260701_offers_Hannover;https://www.immometrica.com/de/offer/23582360;Hannover;Washingtonweg 1A, 30519 Mittelfeld, Hannover;Moderne & frisch sanierte 2-Zimmer-Wohnung: hell, freundlich + schöner Ausblick ins Grüne;95000;34.52;5.8;378;Ausschließen;❌ AUSSCHLIESSEN;57;-30;27;"Hausgeld fehlt; ⚠️ CLUSTER gleiche Straße + PLZ";🟡 PRÜFEN;Ausschließen oder nur bei deutlichem Preisnachlass erneut prüfen.;Grenzfall: attraktive ROI, aber sehr lange online;-30;True;POTENTIAL_FALSE_NEGATIVE
20260701_offers_Hannover;https://www.immometrica.com/de/offer/23814589;Alt-Laatzen;Flemingstr. 2, 30880 Laatzen;Sofort wohlfühlen: 2-Zi.-ETW im beliebten Laatzen-Mitte;125000;58.6;6.5;356;Ausschließen;❌ AUSSCHLIESSEN;47;-30;17;Stadt/Ort nicht in Whitelist: Laatzen;🔴 BLOCKER;"Nicht im Zielmarkt Hannover-Stadt; nur beobachten, falls Region explizit freigegeben wird.";möglicher False Negative: gute ROI, aber stark altes Inserat;-30;True;POTENTIAL_FALSE_NEGATIVE
20260701_offers_Hannover;https://www.immometrica.com/de/offer/23865621;Davenstedt;Wegsfeld 42, 30455 Hannover (Davenstedt);1- Zimmereigentumswohnung mit Balkon & Wellnessbereich im Terrassenhaus in Davenstedt;110000;55.3;6.4;350;Ausschließen;❌ AUSSCHLIESSEN;23;-30;0;"SANIERUNGSSTAU / renovierungsbedürftig; ⚠️ CLUSTER gleiche Straße + PLZ";🟡 PRÜFEN;Ausschließen oder nur bei deutlichem Preisnachlass erneut prüfen.;möglicher False Negative: gute ROI, aber stark altes Inserat;-30;True;POTENTIAL_FALSE_NEGATIVE
20260701_offers_Hannover;https://www.immometrica.com/de/offer/24486651;Wettbergen;Berliner Str. 17, 30457 Hannover;Schöne Zwei-Zimmer Wohnung im beliebten Stadtteil Wettbergen mit Balkon und Panoramablick;139000;57.4;5.7;290;Ausschließen;❌ AUSSCHLIESSEN;58;-30;28;;🟡 PRÜFEN;Ausschließen oder nur bei deutlichem Preisnachlass erneut prüfen.;Grenzfall: attraktive ROI, aber sehr lange online;-30;True;POTENTIAL_FALSE_NEGATIVE
20260701_offers_Hannover;https://www.immometrica.com/de/offer/24550381;Empelde;Breite Str. 17 C, 30952 Ronnenberg (Empelde);Sanierte Wohnung in zentraler Lage mit Westbalkon in Empelde/ Ronnenberg zu verkaufen;115000;50.3;5.2;283;Ausschließen;❌ AUSSCHLIESSEN;43;-30;13;"Stadt/Ort nicht in Whitelist: Ronnenberg; ⚠️ CLUSTER gleiche Straße + PLZ";🔴 BLOCKER;"Nicht im Zielmarkt Hannover-Stadt; nur beobachten, falls Region explizit freigegeben wird.";Grenzfall: attraktive ROI, aber sehr lange online;-30;True;POTENTIAL_FALSE_NEGATIVE
20260701_offers_Hannover;https://www.immometrica.com/de/offer/24681000;Vahrenwald;30165 Hannover - Vahrenwald-List 30165 Hannover - Vahrenwald-List;Kapitalanlage mit Steuervorteilen: Gepflegte ETW mit EBK & hoher Abschreibung;119000;51;5.9;272;Ausschließen;❌ AUSSCHLIESSEN;46;-30;16;;🟡 PRÜFEN;Ausschließen oder nur bei deutlichem Preisnachlass erneut prüfen.;Grenzfall: attraktive ROI, aber sehr lange online;-30;True;POTENTIAL_FALSE_NEGATIVE
20260701_offers_Hannover;https://www.immometrica.com/de/offer/24711918;Alt-Langenhagen;Kurt-Schumacher-Allee 45, 30851 Langenhagen;Vermietete Zwei-Zimmer-Wohnung mit tollem Ausblick!;145000;62.26;5.4;268;Ausschließen;❌ AUSSCHLIESSEN;36;-30;6;Stadt/Ort nicht in Whitelist: Langenhagen;🔴 BLOCKER;"Nicht im Zielmarkt Hannover-Stadt; nur beobachten, falls Region explizit freigegeben wird.";Grenzfall: attraktive ROI, aber sehr lange online;-30;True;POTENTIAL_FALSE_NEGATIVE
20260701_offers_Hannover;https://www.immometrica.com/de/offer/24968487;Hannover;In der Steinbreite 89, 30455 Hannover;Helle + großzügige 2-Zimmer-Wohnung mit sonnigem Balkon in ruhiger & zentrumsnaher Lage;145000;60.8;5.2;245;Ausschließen;❌ AUSSCHLIESSEN;50;-30;20;Hausgeld fehlt;🟡 PRÜFEN;Ausschließen oder nur bei deutlichem Preisnachlass erneut prüfen.;Grenzfall: attraktive ROI, aber sehr lange online;-30;True;POTENTIAL_FALSE_NEGATIVE
20260701_offers_Hannover;https://www.immometrica.com/de/offer/25037940;Hannover;Lauckerthof 7, 30419 Hannover;Kapitalanlage in zentraler Lage von Hannover Stöcken - 2-Zimmer Wohnung mit Balkon;114000;51;5.9;239;Ausschließen;❌ AUSSCHLIESSEN;44;-30;14;"⚠️ CLUSTER gleiche Straße + PLZ; ⚠️ DUBLETTE nahezu gleiche Daten";🟡 PRÜFEN;Ausschließen oder nur bei deutlichem Preisnachlass erneut prüfen.;Grenzfall: attraktive ROI, aber sehr lange online;-30;True;POTENTIAL_FALSE_NEGATIVE
20260701_offers_Hannover;https://www.immometrica.com/de/offer/25117890;Ahlem;Am Dornbusch 1, 30453 Ahlem, Hannover;1-Zimmer WHG - Kapitalanlage - vermietet über 6,7 % Rendite - 6.600 EUR Kaltmiete p.a. oder frei;99000;25;5.2;232;Ausschließen;❌ AUSSCHLIESSEN;41;-30;11;Wohnfläche < 30 m²;🔴 BLOCKER;"Ausschluss dokumentieren; nur Audit-Grenzfall prüfen.";Grenzfall: attraktive ROI, aber sehr lange online;-30;True;POTENTIAL_FALSE_NEGATIVE
20260701_offers_Hannover;https://www.immometrica.com/de/offer/25137728;Alt-Laatzen;30880 Niedersachsen - Laatzen 30880 Niedersachsen - Laatzen;Laatzen-Grasdorf: Vermietete 2-Zimmer-Wohnung in begehrter Wohngegend!;99000;40.65;5.3;230;Ausschließen;❌ AUSSCHLIESSEN;50;-30;20;Stadt/Ort nicht in Whitelist: Laatzen;🔴 BLOCKER;"Nicht im Zielmarkt Hannover-Stadt; nur beobachten, falls Region explizit freigegeben wird.";Grenzfall: attraktive ROI, aber sehr lange online;-30;True;POTENTIAL_FALSE_NEGATIVE
20260701_offers_Hannover;https://www.immometrica.com/de/offer/25205348;Burgdorf;Liebermannstr. 13, 31303 Burgdorf;Attraktive Kapitalanlage in Burgdorf!;119000;55;5.3;224;Ausschließen;❌ AUSSCHLIESSEN;46;-30;16;Stadt/Ort nicht in Whitelist: Burgdorf;🔴 BLOCKER;"Nicht im Zielmarkt Hannover-Stadt; nur beobachten, falls Region explizit freigegeben wird.";Grenzfall: attraktive ROI, aber sehr lange online;-30;True;POTENTIAL_FALSE_NEGATIVE
20260701_offers_Hannover;https://www.immometrica.com/de/offer/25392464;Hannover;Washingtonweg 1A, 30519 Hannover;Helle vermietete 1-Zimmer-Wohnung - ideal für Kapitalanleger;70000;34;6.9;223;Ausschließen;❌ AUSSCHLIESSEN;22;-30;0;"SANIERUNGSSTAU / renovierungsbedürftig; ⚠️ CLUSTER gleiche Straße + PLZ";🟡 PRÜFEN;Ausschließen oder nur bei deutlichem Preisnachlass erneut prüfen.;möglicher False Negative: gute ROI, aber stark altes Inserat;-30;True;POTENTIAL_FALSE_NEGATIVE
20260701_offers_Hannover;https://www.immometrica.com/de/offer/25610093;Sahlkamp;30179 Hannover (Sahlkamp);Klein, fein und vermietet;130000;57;5.6;199;Ausschließen;❌ AUSSCHLIESSEN;51;-30;21;;🟡 PRÜFEN;Ausschließen oder nur bei deutlichem Preisnachlass erneut prüfen.;Grenzfall: attraktive ROI, aber sehr lange online;-30;True;POTENTIAL_FALSE_NEGATIVE
20260701_offers_Hannover;https://www.immometrica.com/de/offer/25698195;Garbsen-Mitte;30823 Garbsen / Havelse (Havelse);Gepflegtes Einzimmer-Appartement in Garbsen/Havelse;125000;44;5.0;186;Ausschließen;❌ AUSSCHLIESSEN;40;-30;10;"Stadt/Ort nicht in Whitelist: Garbsen; Hausgeld fehlt";🔴 BLOCKER;"Nicht im Zielmarkt Hannover-Stadt; nur beobachten, falls Region explizit freigegeben wird.";Grenzfall: attraktive ROI, aber sehr lange online;-30;True;POTENTIAL_FALSE_NEGATIVE
20260701_offers_Hannover;https://www.immometrica.com/de/offer/25781664;Pattensen;30982, Pattensen;Attraktive Kapitalanlage: 1-Zimmer-Dachgeschosswohnung in Hannover-Pattensen!;74000;34;5.8;175;Ausschließen;❌ AUSSCHLIESSEN;58;-15;43;"Stadt/Ort nicht in Whitelist: Pattensen; Hausgeld fehlt";🔴 BLOCKER;"Nicht im Zielmarkt Hannover-Stadt; nur beobachten, falls Region explizit freigegeben wird.";prüfen;-15;False;LIKELY_VALID_EXCLUSION
20260701_offers_Hannover;https://www.immometrica.com/de/offer/25867624;Empelde;Breite Str. 17 C, 30952 Ronnenberg (Empelde);Sanierte Wohnung in zentraler Lage mit Westbalkon in Empelde/ Ronnenberg zu verkaufen;110000;53.2;5.7;168;Ausschließen;❌ AUSSCHLIESSEN;49;-15;34;"Stadt/Ort nicht in Whitelist: Ronnenberg; ⚠️ CLUSTER gleiche Straße + PLZ";🔴 BLOCKER;"Nicht im Zielmarkt Hannover-Stadt; nur beobachten, falls Region explizit freigegeben wird.";prüfen;-15;False;LIKELY_VALID_EXCLUSION
20260701_offers_Hannover;https://www.immometrica.com/de/offer/25883174;Laatzen-Mitte;Flemingstraße 2, 30880, Laatzen;Neu vermietete 2 Zi.-ETW + 1 TG-Platz in Laatzen;115000;59;6.4;166;Ausschließen;❌ AUSSCHLIESSEN;45;-15;30;"Stadt/Ort nicht in Whitelist: Laatzen; ⚠️ CLUSTER gleiche Straße + PLZ";🔴 BLOCKER;"Nicht im Zielmarkt Hannover-Stadt; nur beobachten, falls Region explizit freigegeben wird.";möglicher False Negative: gute ROI, aber stark altes Inserat;-15;True;POTENTIAL_FALSE_NEGATIVE
20260701_offers_Hannover;https://www.immometrica.com/de/offer/26022276;Hannover;Henckellweg 13, 30459 Hannover;KUNZE: Gut geschnittene Wohnung mit hervorragender Verkehrsanbindung in Ricklingen;110000;40;5.0;153;Ausschließen;❌ AUSSCHLIESSEN;45;-15;30;;🟡 PRÜFEN;Ausschließen oder nur bei deutlichem Preisnachlass erneut prüfen.;prüfen;-15;False;LIKELY_VALID_EXCLUSION
20260701_offers_Hannover;https://www.immometrica.com/de/offer/26040796;Garbsen-Mitte;Haberkamp 2, 30823 Garbsen;Gepflegte und zentrale 1-Zimmer-Wohnung mit Balkon | Garbsen!;114000;40;5.1;153;Ausschließen;❌ AUSSCHLIESSEN;38;-15;23;"Stadt/Ort nicht in Whitelist: Garbsen; ⚠️ CLUSTER gleiche Straße + PLZ";🔴 BLOCKER;"Nicht im Zielmarkt Hannover-Stadt; nur beobachten, falls Region explizit freigegeben wird.";prüfen;-15;False;LIKELY_VALID_EXCLUSION
20260701_offers_Hannover;https://www.immometrica.com/de/offer/26062724;Alt-Laatzen;Otto-Hahn-Str. 13, 30880 Laatzen (Laatzen-Mitte);Vermietete 1-Zimmer-Kapitalanlage mit Aufzug in Laatzen - Solide 6% Rendite;84900;42;6.1;150;Ausschließen;❌ AUSSCHLIESSEN;47;-15;32;"Stadt/Ort nicht in Whitelist: Laatzen; ⚠️ CLUSTER gleiche Straße + PLZ";🔴 BLOCKER;"Nicht im Zielmarkt Hannover-Stadt; nur beobachten, falls Region explizit freigegeben wird.";möglicher False Negative: gute ROI, aber stark altes Inserat;-15;True;POTENTIAL_FALSE_NEGATIVE
20260701_offers_Hannover;https://www.immometrica.com/de/offer/26078923;Garbsen-Mitte;Haberkamp 2, 30823 Garbsen;Gemütliche 1-Zimmer-Wohnung mit Balkon in Garbsen!;94000;40;5.4;149;Ausschließen;❌ AUSSCHLIESSEN;6;-15;0;"Stadt/Ort nicht in Whitelist: Garbsen; SANIERUNGSSTAU / renovierungsbedürftig; Hausgeld fehlt; ⚠️ CLUSTER gleiche Straße + PLZ";🔴 BLOCKER;"Nicht im Zielmarkt Hannover-Stadt; nur beobachten, falls Region explizit freigegeben wird.";prüfen;-15;False;LIKELY_VALID_EXCLUSION
20260701_offers_Hannover;https://www.immometrica.com/de/offer/26115366;Alt-Langenhagen;30853, Langenhagen;Helles 2-Zimmer-Apartment mit Balkon in gepflegtem Mehrfamilienhaus;139000;52;5.4;145;Ausschließen;❌ AUSSCHLIESSEN;47;-15;32;Stadt/Ort nicht in Whitelist: Langenhagen;🔴 BLOCKER;"Nicht im Zielmarkt Hannover-Stadt; nur beobachten, falls Region explizit freigegeben wird.";prüfen;-15;False;LIKELY_VALID_EXCLUSION
20260701_offers_Hannover;https://www.immometrica.com/de/offer/26195012;Stöcken;Stöckener Strasse 91, 30419 Stöcken, Hannover;● Gehobene Qualität, Delta Bau Objekt ● Stöckener Str. 91, Hannover;138000;53;5.2;139;Ausschließen;❌ AUSSCHLIESSEN;38;-15;23;;🟡 PRÜFEN;Ausschließen oder nur bei deutlichem Preisnachlass erneut prüfen.;prüfen;-15;False;LIKELY_VALID_EXCLUSION
20260701_offers_Hannover;https://www.immometrica.com/de/offer/26210423;Hannover;Hinrichsring 15A, 30177 Hannover;Kapitalanlage in Toplage: Vermietete Eigentumswohnung am Mittellandkanal in Hannover-List;125000;64;6.7;138;Ausschließen;❌ AUSSCHLIESSEN;57;-15;42;⚠️ CLUSTER gleiche Straße + PLZ;🟡 PRÜFEN;Ausschließen oder nur bei deutlichem Preisnachlass erneut prüfen.;möglicher False Negative: gute ROI, aber stark altes Inserat;-15;True;POTENTIAL_FALSE_NEGATIVE
20260701_offers_Hannover;https://www.immometrica.com/de/offer/26248930;Bemerode;Bindingweg 1, 30559 Bemerode, Hannover;Bemerode, Bindingweg, vermietete 2 Zi-ETW, 62 m², Balkon mit Fernblick, 7. OG, Stellplatz;134000;62;6.9;134;Ausschließen;❌ AUSSCHLIESSEN;52;-15;37;;🟡 PRÜFEN;Ausschließen oder nur bei deutlichem Preisnachlass erneut prüfen.;möglicher False Negative: gute ROI, aber stark altes Inserat;-15;True;POTENTIAL_FALSE_NEGATIVE
20260701_offers_Hannover;https://www.immometrica.com/de/offer/26279319;Hannover;Vahrenheider Markt 8, 30179 Hannover;Charmantes 1-Zimmer-Apartment mit 40 m² in Hannover;89000;40;6.4;133;Ausschließen;❌ AUSSCHLIESSEN;8;-15;0;SANIERUNGSSTAU / renovierungsbedürftig;🟡 PRÜFEN;Ausschließen oder nur bei deutlichem Preisnachlass erneut prüfen.;möglicher False Negative: gute ROI, aber stark altes Inserat;-15;True;POTENTIAL_FALSE_NEGATIVE
20260701_offers_Hannover;https://www.immometrica.com/de/offer/26330898;Isernhagen F. B.;An der Riehe 100, 30916, Isernhagen;Charmantes 2 Zimmer, Wohnung mit Potenzial in gefragter Lage von Altwarmbüchen!;142000;55.38;5.8;127;Ausschließen;❌ AUSSCHLIESSEN;35;-15;20;"Stadt/Ort nicht in Whitelist: Isernhagen; MAKLER-WARNFLOSKEL";🔴 BLOCKER;"Nicht im Zielmarkt Hannover-Stadt; nur beobachten, falls Region explizit freigegeben wird.";prüfen;-15;False;LIKELY_VALID_EXCLUSION
20260701_offers_Hannover;https://www.immometrica.com/de/offer/26355234;List;Hinrichsring 12, 30177 Hannover;Bald bezugsfrei: Helle Zweizimmerwohnung nahe Mittellandkanal in Hannover zu verkaufen!;110000;59;6.9;125;Ausschließen;❌ AUSSCHLIESSEN;52;-15;37;⚠️ CLUSTER gleiche Straße + PLZ;🟡 PRÜFEN;Ausschließen oder nur bei deutlichem Preisnachlass erneut prüfen.;möglicher False Negative: gute ROI, aber stark altes Inserat;-15;True;POTENTIAL_FALSE_NEGATIVE
20260701_offers_Hannover;https://www.immometrica.com/de/offer/26403777;Alt-Laatzen;Otto-Hahn-Str. 15, 30880 Laatzen;Laatzen: Wir bieten 1-Zimmer-Apartment in top Lage zum Kauf an.;98500;44;6.0;121;Ausschließen;❌ AUSSCHLIESSEN;12;-15;0;"Stadt/Ort nicht in Whitelist: Laatzen; SANIERUNGSSTAU / renovierungsbedürftig; ⚠️ CLUSTER gleiche Straße + PLZ";🔴 BLOCKER;"Nicht im Zielmarkt Hannover-Stadt; nur beobachten, falls Region explizit freigegeben wird.";möglicher False Negative: gute ROI, aber stark altes Inserat;-15;True;POTENTIAL_FALSE_NEGATIVE
20260701_offers_Hannover;https://www.immometrica.com/de/offer/26475994;Garbsen-Mitte;Haberkamp 2, 30823 Garbsen;5.640€ Kaltmieteinnahmen jährlich! 1-Zimmer-Wohnung mit Balkon, Keller & EBK und top Energiewerten!;109000;39;5.1;116;Ausschließen;❌ AUSSCHLIESSEN;33;-15;18;"Stadt/Ort nicht in Whitelist: Garbsen; ⚠️ CLUSTER gleiche Straße + PLZ";🔴 BLOCKER;"Nicht im Zielmarkt Hannover-Stadt; nur beobachten, falls Region explizit freigegeben wird.";prüfen;-15;False;LIKELY_VALID_EXCLUSION
20260701_offers_Hannover;https://www.immometrica.com/de/offer/26507840;Burgdorf;Vor den Höfen 1, 31303 Burgdorf;Vermietete 2-Zi-Dachgeschosswohnung mit Loggia, EBK, Stellplatz & Keller – ca. 62,5 m² in Burgdorf;139000;62.5;5.1;113;Ausschließen;❌ AUSSCHLIESSEN;45;-15;30;"Stadt/Ort nicht in Whitelist: Burgdorf; Hausgeld fehlt";🔴 BLOCKER;"Nicht im Zielmarkt Hannover-Stadt; nur beobachten, falls Region explizit freigegeben wird.";prüfen;-15;False;LIKELY_VALID_EXCLUSION
20260701_offers_Hannover;https://www.immometrica.com/de/offer/26551035;Hannover;Plauener Str. 25, 30179 Hannover;Schöne Aussichten für Ihr neues Zuhause: 1-Zimmer-Wohnung mit Balkon;85000;35;6.1;111;Ausschließen;❌ AUSSCHLIESSEN;61;-15;46;"Hausgeld fehlt; ⚠️ CLUSTER gleiche Straße + PLZ";🟡 PRÜFEN;Ausschließen oder nur bei deutlichem Preisnachlass erneut prüfen.;möglicher False Negative: gute ROI, aber stark altes Inserat;-15;True;POTENTIAL_FALSE_NEGATIVE
20260701_offers_Hannover;https://www.immometrica.com/de/offer/26567000;Linden-Nord;Stärkestr. 16, 30451 Hannover;Eigentumswohnung mit Balkon und Aufzug in Linden-Nord;125000;58.7;6.7;110;Ausschließen;❌ AUSSCHLIESSEN;66;-15;51;Hausgeld fehlt;🟡 PRÜFEN;Ausschließen oder nur bei deutlichem Preisnachlass erneut prüfen.;möglicher False Negative: gute ROI, aber stark altes Inserat;-15;True;POTENTIAL_FALSE_NEGATIVE
20260701_offers_Hannover;https://www.immometrica.com/de/offer/26625176;Alt-Langenhagen;Im Hohen Felde 15, 30853 Langenhagen;Wohnen oder vermieten!;119000;47.21;6.1;104;Ausschließen;❌ AUSSCHLIESSEN;48;-15;33;Stadt/Ort nicht in Whitelist: Langenhagen;🔴 BLOCKER;"Nicht im Zielmarkt Hannover-Stadt; nur beobachten, falls Region explizit freigegeben wird.";möglicher False Negative: gute ROI, aber stark altes Inserat;-15;True;POTENTIAL_FALSE_NEGATIVE
20260701_offers_Hannover;https://www.immometrica.com/de/offer/26665777;Alt-Laatzen;Gubiner Str. 8, 30880 Laatzen;Helle & großzügige 2-Zimmer-Wohnung mit sonnigem Balkon in guter Wohnlage;145000;61.6;5.3;100;Ausschließen;❌ AUSSCHLIESSEN;45;-15;30;"Stadt/Ort nicht in Whitelist: Laatzen; Hausgeld fehlt";🔴 BLOCKER;"Nicht im Zielmarkt Hannover-Stadt; nur beobachten, falls Region explizit freigegeben wird.";prüfen;-15;False;LIKELY_VALID_EXCLUSION
20260701_offers_Hannover;https://www.immometrica.com/de/offer/26676332;Springe;Steinberg 57, 31832 Springe;Gepflegte kleine Wohnung direkt am Deister;80000;57;7.4;99;Ausschließen;❌ AUSSCHLIESSEN;16;-15;1;"Stadt/Ort nicht in Whitelist: Springe; SANIERUNGSSTAU / renovierungsbedürftig; ⚠️ CLUSTER gleiche Straße + PLZ";🔴 BLOCKER;"Nicht im Zielmarkt Hannover-Stadt; nur beobachten, falls Region explizit freigegeben wird.";möglicher False Negative: gute ROI, aber stark altes Inserat;-15;True;POTENTIAL_FALSE_NEGATIVE
20260701_offers_Hannover;https://www.immometrica.com/de/offer/26693539;Barsinghausen;Breite Str. 7, 30890 Barsinghausen;Wohnen in der Stadt: 2-Zimmerwohnung mit Aufzug;139000;69;5.5;98;Ausschließen;❌ AUSSCHLIESSEN;58;-15;43;Stadt/Ort nicht in Whitelist: Barsinghausen;🔴 BLOCKER;"Nicht im Zielmarkt Hannover-Stadt; nur beobachten, falls Region explizit freigegeben wird.";prüfen;-15;False;LIKELY_VALID_EXCLUSION
20260701_offers_Hannover;https://www.immometrica.com/de/offer/26748834;Linden-Süd;30449 Linden-Süd, Hannover;Ideale Studentenwohnung in zentraler Lage von Hannover-Linden;75000;30;6.8;94;Ausschließen;❌ AUSSCHLIESSEN;56;-15;41;Hausgeld fehlt;🟡 PRÜFEN;Ausschließen oder nur bei deutlichem Preisnachlass erneut prüfen.;möglicher False Negative: gute ROI, aber stark altes Inserat;-15;True;POTENTIAL_FALSE_NEGATIVE
20260701_offers_Hannover;https://www.immometrica.com/de/offer/26760964;Hannover;Engelsburg 1, 30629 Hannover;* Attraktives Anlageobjekt in H-Misburg * - vermietete 2-Zimmer-Wohnung mit Balkon;127000;64;6.4;92;Ausschließen;❌ AUSSCHLIESSEN;57;-15;42;;🟡 PRÜFEN;Ausschließen oder nur bei deutlichem Preisnachlass erneut prüfen.;möglicher False Negative: gute ROI, aber stark altes Inserat;-15;True;POTENTIAL_FALSE_NEGATIVE
20260701_offers_Hannover;https://www.immometrica.com/de/offer/26795490;Barsinghausen;Berliner Str. 5, 30890 Barsinghausen;Schicke 2 Zi. Whg./Nähe Bahnhof/Zentrum;110000;60;6.6;91;Ausschließen;❌ AUSSCHLIESSEN;54;-15;39;Stadt/Ort nicht in Whitelist: Barsinghausen;🔴 BLOCKER;"Nicht im Zielmarkt Hannover-Stadt; nur beobachten, falls Region explizit freigegeben wird.";möglicher False Negative: gute ROI, aber stark altes Inserat;-15;True;POTENTIAL_FALSE_NEGATIVE
20260701_offers_Hannover;https://www.immometrica.com/de/offer/26810947;Springe;31832, Springe;Zwei kompakte Wohneinheiten unter einem Dach – ideal für Kapitalanleger Mehrfamilienhaus;79900;54;7.7;88;Ausschließen;❌ AUSSCHLIESSEN;62;-15;47;"Stadt/Ort nicht in Whitelist: Springe; ⚠️ DUBLETTE nahezu gleiche Daten";🔴 BLOCKER;"Nicht im Zielmarkt Hannover-Stadt; nur beobachten, falls Region explizit freigegeben wird.";möglicher False Negative: gute ROI, aber stark altes Inserat;-15;True;POTENTIAL_FALSE_NEGATIVE
20260701_offers_Hannover;https://www.immometrica.com/de/offer/26834793;Hannover;Findstellenweg 6, 30629 Hannover;2-Zimmer Eigentumswohnung in ruhiger Lage | Vermietet | Misburg-Nord;127400;55.61;5.5;86;Ausschließen;❌ AUSSCHLIESSEN;58;-15;43;;🟢 OK;Ausschließen oder nur bei deutlichem Preisnachlass erneut prüfen.;prüfen;-15;False;LIKELY_VALID_EXCLUSION
20260701_offers_Hannover;https://www.immometrica.com/de/offer/26870368;Ricklingen;30459 Hannover / Ricklingen (Ricklingen);Eine Wohnung mit viel Potenzial in begehrter Lage von Hannover-Ricklingen!;149000;57.9;5.2;83;Ausschließen;❌ AUSSCHLIESSEN;25;-15;10;MAKLER-WARNFLOSKEL;🟡 PRÜFEN;Ausschließen oder nur bei deutlichem Preisnachlass erneut prüfen.;prüfen;-15;False;LIKELY_VALID_EXCLUSION
20260701_offers_Hannover;https://www.immometrica.com/de/offer/26899282;Davenstedt;Wegsfeld 42, 30455 Hannover (Davenstedt);1- Zimmereigentumswohnung mit Balkon & Wellnessbereich im Terrassenhaus in Davenstedt;120000;55.3;5.7;79;Ausschließen;❌ AUSSCHLIESSEN;24;-15;9;"SANIERUNGSSTAU / renovierungsbedürftig; ⚠️ CLUSTER gleiche Straße + PLZ";🟡 PRÜFEN;Ausschließen oder nur bei deutlichem Preisnachlass erneut prüfen.;prüfen;-15;False;LIKELY_VALID_EXCLUSION
20260701_offers_Hannover;https://www.immometrica.com/de/offer/26953836;Hannover;Metzhof 3, 30659 Hannover;ANGEBOTSVERFAHREN: Dinner for one;68000;37;8.4;76;Ausschließen;❌ AUSSCHLIESSEN;53;-15;38;MAKLER-WARNFLOSKEL;🟡 PRÜFEN;Ausschließen oder nur bei deutlichem Preisnachlass erneut prüfen.;möglicher False Negative: gute ROI, aber stark altes Inserat;-15;True;POTENTIAL_FALSE_NEGATIVE
20260701_offers_Hannover;https://www.immometrica.com/de/offer/27006750;Mittelfeld;30519 Hannover (Mittelfeld);2 Zimmer Wohnung in Hannover Döhren-Wülfel zu verkaufen;65000;30;6.7;71;Ausschließen;❌ AUSSCHLIESSEN;52;-15;37;;🟡 PRÜFEN;Ausschließen oder nur bei deutlichem Preisnachlass erneut prüfen.;möglicher False Negative: gute ROI, aber stark altes Inserat;-15;True;POTENTIAL_FALSE_NEGATIVE
20260701_offers_Hannover;https://www.immometrica.com/de/offer/27015947;Bemerode;Bemeroder Anger 17, 30539 Hannover;Selbst gestalten: 2 Zimmer mit Balkon in Hannover-Bemerode;135000;63;6.2;70;Ausschließen;❌ AUSSCHLIESSEN;61;-15;46;;🟡 PRÜFEN;Ausschließen oder nur bei deutlichem Preisnachlass erneut prüfen.;möglicher False Negative: gute ROI, aber stark altes Inserat;-15;True;POTENTIAL_FALSE_NEGATIVE
20260701_offers_Hannover;https://www.immometrica.com/de/offer/27021080;Hannover;Geveker Kamp 67, 30453 Hannover;Renovierungsbedürftige 2-Zimmer Wohnung mit viel Potenzial in Ahlem;139000;56;5.2;70;Ausschließen;❌ AUSSCHLIESSEN;0;-15;0;"SANIERUNGSSTAU / renovierungsbedürftig; MAKLER-WARNFLOSKEL";🟡 PRÜFEN;Ausschließen oder nur bei deutlichem Preisnachlass erneut prüfen.;prüfen;-15;False;LIKELY_VALID_EXCLUSION
20260701_offers_Hannover;https://www.immometrica.com/de/offer/27031880;Sahlkamp;Sahlkamp 21, 30179 Hannover;Kapitalanlage oder Eigenheim: Renovierungsbedürftige 2-Zimmer-Wohnung mit Charme in Hannover!;99000;52;6.7;70;Ausschließen;❌ AUSSCHLIESSEN;20;-15;5;SANIERUNGSSTAU / renovierungsbedürftig;🟡 PRÜFEN;Ausschließen oder nur bei deutlichem Preisnachlass erneut prüfen.;möglicher False Negative: gute ROI, aber stark altes Inserat;-15;True;POTENTIAL_FALSE_NEGATIVE
20260701_offers_Hannover;https://www.immometrica.com/de/offer/27041063;Linden-Nord;Ottenstraße 10a, 30451 Linden-Nord, Hannover;1,5- Zimmer-Wohnung - vermietet - für Visionäre;48000;43;13.5;68;Ausschließen;❌ AUSSCHLIESSEN;9;-15;0;"BLOCKER: ROI >10 % und Hausgeld >6 €/m²; SANIERUNGSSTAU / renovierungsbedürftig; MAKLER-WARNFLOSKEL";🔴 BLOCKER;"Nicht priorisieren; ROI/Hausgeld und WEG-Unterlagen nur bei starkem Preisnachlass prüfen.";möglicher False Negative: gute ROI, aber stark altes Inserat;-15;True;POTENTIAL_FALSE_NEGATIVE
20260701_offers_Hannover;https://www.immometrica.com/de/offer/27043910;Ronnenberg;Breite Str. 17C, 30952 Ronnenberg;Charmante 2 Zimmer Eigentumswohnung mit Balkon in Ronnenberg/OT;108000;54;6.9;68;Ausschließen;❌ AUSSCHLIESSEN;59;-15;44;"Stadt/Ort nicht in Whitelist: Ronnenberg; Hausgeld fehlt";🔴 BLOCKER;"Nicht im Zielmarkt Hannover-Stadt; nur beobachten, falls Region explizit freigegeben wird.";möglicher False Negative: gute ROI, aber stark altes Inserat;-15;True;POTENTIAL_FALSE_NEGATIVE
20260701_offers_Hannover;https://www.immometrica.com/de/offer/27049357;Ronnenberg;30952 Niedersachsen - Ronnenberg 30952 Niedersachsen - Ronnenberg;Charmante 2 Zimmer Eigentumswohnung mit Balkon in Ronnenberg/OT;108000;54;6.2;69;Ausschließen;❌ AUSSCHLIESSEN;59;-15;44;"Stadt/Ort nicht in Whitelist: Ronnenberg; Hausgeld fehlt";🔴 BLOCKER;"Nicht im Zielmarkt Hannover-Stadt; nur beobachten, falls Region explizit freigegeben wird.";möglicher False Negative: gute ROI, aber stark altes Inserat;-15;True;POTENTIAL_FALSE_NEGATIVE
20260701_offers_Hannover;https://www.immometrica.com/de/offer/27068502;Garbsen-Mitte;30823, Garbsen;2-Zimmer-Wohnung mit Balkon!;140000;63;5.4;66;Ausschließen;❌ AUSSCHLIESSEN;45;-15;30;"Stadt/Ort nicht in Whitelist: Garbsen; Hausgeld fehlt";🔴 BLOCKER;"Nicht im Zielmarkt Hannover-Stadt; nur beobachten, falls Region explizit freigegeben wird.";prüfen;-15;False;LIKELY_VALID_EXCLUSION
20260701_offers_Hannover;https://www.immometrica.com/de/offer/27087550;Garbsen-Mitte;30823, Garbsen;Gepflegtes Einzimmer-Appartement in Garbsen/Havelse;125000;44;5.0;65;Ausschließen;❌ AUSSCHLIESSEN;40;-15;25;"Stadt/Ort nicht in Whitelist: Garbsen; Hausgeld fehlt";🔴 BLOCKER;"Nicht im Zielmarkt Hannover-Stadt; nur beobachten, falls Region explizit freigegeben wird.";prüfen;-15;False;LIKELY_VALID_EXCLUSION
20260701_offers_Hannover;https://www.immometrica.com/de/offer/27127531;Hannover;Georg-Büchner-Str. 23, 30559 Hannover;Hannover-Anderten: 2-Zimmer-Wohnung mit West-Loggia und viel Tageslicht;129000;53.13;6.0;60;Ausschließen;❌ AUSSCHLIESSEN;56;-5;51;;🟡 PRÜFEN;Ausschließen oder nur bei deutlichem Preisnachlass erneut prüfen.;prüfen;-5;False;LIKELY_VALID_EXCLUSION
20260701_offers_Hannover;https://www.immometrica.com/de/offer/27143459;Ledeburg;Baldeniusstr. 35, 30419 Hannover;1,5 Zimmer Wohnung mit Weitblick;120000;42;5.0;58;Ausschließen;❌ AUSSCHLIESSEN;55;-5;50;;🟢 OK;Ausschließen oder nur bei deutlichem Preisnachlass erneut prüfen.;prüfen;-5;False;LIKELY_VALID_EXCLUSION
20260701_offers_Hannover;https://www.immometrica.com/de/offer/27146945;Neustadt;Leinstr. 23, 31535 Neustadt am Rübenberge;Kleine, feine 2-Zimmer-Wohnung in Neustadt - 39 m² Wohnkomfort;75000;39;5.8;58;Ausschließen;❌ AUSSCHLIESSEN;12;-5;7;"Stadt/Ort nicht in Whitelist: Neustadt; SANIERUNGSSTAU / renovierungsbedürftig; Hausgeld fehlt";🔴 BLOCKER;"Nicht im Zielmarkt Hannover-Stadt; nur beobachten, falls Region explizit freigegeben wird.";prüfen;-5;False;LIKELY_VALID_EXCLUSION
20260701_offers_Hannover;https://www.immometrica.com/de/offer/27146994;Neustadt;31535 Niedersachsen - Neustadt am Rübenberge 31535 Niedersachsen - Neustadt am Rübenberge;Kleine, feine 2-Zimmer-Wohnung in Neustadt – 39 m² Wohnkomfort;75000;39;5.6;59;Ausschließen;❌ AUSSCHLIESSEN;12;-5;7;"Stadt/Ort nicht in Whitelist: Neustadt; SANIERUNGSSTAU / renovierungsbedürftig; Hausgeld fehlt";🔴 BLOCKER;"Nicht im Zielmarkt Hannover-Stadt; nur beobachten, falls Region explizit freigegeben wird.";prüfen;-5;False;LIKELY_VALID_EXCLUSION
20260701_offers_Hannover;https://www.immometrica.com/de/offer/27148238;Neustadt;31535 Neustadt am Rübenberge (Neustadt);2 Zimmer Wohnung in Neustadt am Rbg. zu verkaufen;95000;57;5.9;58;Ausschließen;❌ AUSSCHLIESSEN;56;-5;51;Stadt/Ort nicht in Whitelist: Neustadt;🔴 BLOCKER;"Nicht im Zielmarkt Hannover-Stadt; nur beobachten, falls Region explizit freigegeben wird.";prüfen;-5;False;LIKELY_VALID_EXCLUSION
20260701_offers_Hannover;https://www.immometrica.com/de/offer/27161194;Lehrte;31275 Niedersachsen - Lehrte 31275 Niedersachsen - Lehrte;2 Zimmer Wohnung Eigentumswohnung mit Loggia – Kapitalanlage oder Perspektive;100000;63;7.3;58;Ausschließen;⚠️ NUR MIT RÜCKFRAGEN;60;-5;55;Stadt/Ort nicht in Whitelist: Lehrte;🔴 BLOCKER;"Nicht im Zielmarkt Hannover-Stadt; nur beobachten, falls Region explizit freigegeben wird.";prüfen;-5;False;LIKELY_VALID_EXCLUSION
20260701_offers_Hannover;https://www.immometrica.com/de/offer/27172839;Alt-Laatzen;Otto-Hahn-Str. 13, 30880 Laatzen;Kapitalanlage mit Aufzug – vermietete 1-Zimmer-Wohnung mit 420 € Kaltmiete – Solide 6% Rendite;84900;42;6.1;57;Ausschließen;❌ AUSSCHLIESSEN;45;-5;40;"Stadt/Ort nicht in Whitelist: Laatzen; ⚠️ CLUSTER gleiche Straße + PLZ";🔴 BLOCKER;"Nicht im Zielmarkt Hannover-Stadt; nur beobachten, falls Region explizit freigegeben wird.";prüfen;-5;False;LIKELY_VALID_EXCLUSION
20260701_offers_Hannover;https://www.immometrica.com/de/offer/27173481;Alt-Laatzen;30880, Laatzen;Gepflegte und lichtverwöhnte 2-Zimmer-Wohnung in zentraler Wohnlage von Laatzen!;119000;57;6.0;56;Ausschließen;❌ AUSSCHLIESSEN;45;-5;40;Stadt/Ort nicht in Whitelist: Laatzen;🔴 BLOCKER;"Nicht im Zielmarkt Hannover-Stadt; nur beobachten, falls Region explizit freigegeben wird.";prüfen;-5;False;LIKELY_VALID_EXCLUSION
20260701_offers_Hannover;https://www.immometrica.com/de/offer/27174904;Hannover;Ihmeplatz 1, 30449 Hannover;Charmante 1-Zimmerwohnung an der Ihme.;49000;31.34;10.0;57;Ausschließen;❌ AUSSCHLIESSEN;26;-5;21;"IHME-ZENTRUM-FALLE / Ihme-Risiko; ⚠️ CLUSTER gleiche Straße + PLZ";🟡 PRÜFEN;Ausschließen oder nur bei deutlichem Preisnachlass erneut prüfen.;prüfen;-5;False;LIKELY_VALID_EXCLUSION
20260701_offers_Hannover;https://www.immometrica.com/de/offer/27176495;Hannover;Steimbker Hof 11, 30625 Hannover;Heideviertel - Großzügige 1 Zi ETW mit Balkon in ruhiger Lage nahe der MHH -;127000;46;5.2;56;Ausschließen;❌ AUSSCHLIESSEN;45;-5;40;;🟡 PRÜFEN;Ausschließen oder nur bei deutlichem Preisnachlass erneut prüfen.;prüfen;-5;False;LIKELY_VALID_EXCLUSION
20260701_offers_Hannover;https://www.immometrica.com/de/offer/27183616;Hannover;30165 Hannover - Nord 30165 Hannover - Nord;Vermietete gepflegte 1-Zimmer-Eigentumswohnung in Hannover;85000;37;6.0;57;Ausschließen;❌ AUSSCHLIESSEN;47;-5;42;;🟡 PRÜFEN;Ausschließen oder nur bei deutlichem Preisnachlass erneut prüfen.;prüfen;-5;False;LIKELY_VALID_EXCLUSION
20260701_offers_Hannover;https://www.immometrica.com/de/offer/27186940;Hannover;30163 Hannover;! Provisionsfrei! Vermietete 2 Zi.-Wohnung in bester Lage mit Balkon und Tageslichtbad.;142000;53;5.5;56;Rückfragen;⚠️ NUR MIT RÜCKFRAGEN;63;-5;58;;🟢 OK;Rückfragen klären: Hausgeld, nicht umlagefähige Kosten, Mietvertrag, WEG, Sanierungsstatus.;prüfen;-5;False;OK
20260701_offers_Hannover;https://www.immometrica.com/de/offer/27187617;Groß Buchholz;Nußriede 19, 30627 Groß-Buchholz, Hannover;Vermietete 1-Zimmer-Wohnung in MHH Nähe!;70000;21.45;5.1;55;Ausschließen;❌ AUSSCHLIESSEN;35;-5;30;Wohnfläche < 30 m²;🔴 BLOCKER;"Ausschluss dokumentieren; nur Audit-Grenzfall prüfen.";prüfen;-5;False;LIKELY_VALID_EXCLUSION
20260701_offers_Hannover;https://www.immometrica.com/de/offer/27215264;Alt-Laatzen;Auf der Dehne 2B, 30880 Laatzen;Perfekt für Messegäste: Attraktive 1-Zimmer-Wohnung nahe Messegelände;89000;38.5;5.9;54;Ausschließen;⚠️ NUR MIT RÜCKFRAGEN;62;-5;57;Stadt/Ort nicht in Whitelist: Laatzen;🔴 BLOCKER;"Nicht im Zielmarkt Hannover-Stadt; nur beobachten, falls Region explizit freigegeben wird.";prüfen;-5;False;LIKELY_VALID_EXCLUSION
20260701_offers_Hannover;https://www.immometrica.com/de/offer/27230522;Garbsen;Goethestr. 5, 30827 Garbsen;Charmante DG-Wohnung nahe Hannover – ruhig & gut angebunden;119000;63;6.5;51;Ausschließen;❌ AUSSCHLIESSEN;45;-5;40;Stadt/Ort nicht in Whitelist: Garbsen;🔴 BLOCKER;"Nicht im Zielmarkt Hannover-Stadt; nur beobachten, falls Region explizit freigegeben wird.";prüfen;-5;False;LIKELY_VALID_EXCLUSION
20260701_offers_Hannover;https://www.immometrica.com/de/offer/27248054;Springe;Hermann-Löns-Str. 1A, 31832 Springe;MGK bietet Springe-Bennigsen: Gut geschnittene 2-Zimmer-Wohnung mit Potenzial zur Kapitalanlage;119900;63.42;5.3;51;Ausschließen;❌ AUSSCHLIESSEN;19;-5;14;"Stadt/Ort nicht in Whitelist: Springe; MAKLER-WARNFLOSKEL";🔴 BLOCKER;"Nicht im Zielmarkt Hannover-Stadt; nur beobachten, falls Region explizit freigegeben wird.";prüfen;-5;False;LIKELY_VALID_EXCLUSION
20260701_offers_Hannover;https://www.immometrica.com/de/offer/27292266;Hannover;Hägewiesen 91, 30657 Hannover;kleine, feine Kapitalanlage mit Fernblick;125000;57;5.4;46;Ausschließen;❌ AUSSCHLIESSEN;51;-5;46;⚠️ CLUSTER gleiche Straße + PLZ;🟡 PRÜFEN;Ausschließen oder nur bei deutlichem Preisnachlass erneut prüfen.;prüfen;-5;False;LIKELY_VALID_EXCLUSION
20260701_offers_Hannover;https://www.immometrica.com/de/offer/27293854;Bothfeld;30657 Hannover - Bothfeld-Vahrenheide 30657 Hannover - Bothfeld-Vahrenheide;kleine, feine Kapitalanlage mit Fernblick;125000;57;6.5;47;Rückfragen;⚠️ NUR MIT RÜCKFRAGEN;61;-5;56;;🟡 PRÜFEN;Rückfragen klären: Hausgeld, nicht umlagefähige Kosten, Mietvertrag, WEG, Sanierungsstatus.;prüfen;-5;False;OK
20260701_offers_Hannover;https://www.immometrica.com/de/offer/27298384;Alt-Laatzen;Ziegeleistr. 17, 30880 Laatzen;Investieren statt suchen - vermietete 1-Zimmer-Wohnung mit Balkon & stabilem Mietertrag;99000;44.4;5.7;45;Ausschließen;❌ AUSSCHLIESSEN;39;-5;34;Stadt/Ort nicht in Whitelist: Laatzen;🔴 BLOCKER;"Nicht im Zielmarkt Hannover-Stadt; nur beobachten, falls Region explizit freigegeben wird.";prüfen;-5;False;LIKELY_VALID_EXCLUSION
20260701_offers_Hannover;https://www.immometrica.com/de/offer/27309274;Badenstedt;30455 Hannover - Ahlem-Badenstedt-Davenstedt 30455 Hannover - Ahlem-Badenstedt-Davenstedt;Sonnig-Charmante Einraumwohnung in 30455 Hannover als Kapitalanlage;95000;40;5.4;45;Ausschließen;❌ AUSSCHLIESSEN;57;-5;52;Hausgeld fehlt;🟡 PRÜFEN;Ausschließen oder nur bei deutlichem Preisnachlass erneut prüfen.;prüfen;-5;False;LIKELY_VALID_EXCLUSION
20260701_offers_Hannover;https://www.immometrica.com/de/offer/27332928;Linden-Mitte;Badenstedter Str. 46A, 30453 Linden-Mitte, Hannover;Separat m. eigenem Eingang - auch Gewerbenutzung möglich;120000;40;5.0;42;Ausschließen;❌ AUSSCHLIESSEN;52;-5;47;Hausgeld fehlt;🟡 PRÜFEN;Ausschließen oder nur bei deutlichem Preisnachlass erneut prüfen.;prüfen;-5;False;LIKELY_VALID_EXCLUSION
20260701_offers_Hannover;https://www.immometrica.com/de/offer/27355897;Garbsen;Im Hespe 41, 30827, Garbsen;1-Zimmer-Wohnung in Garbsen-Berenbostel;94500;48;7.1;40;Ausschließen;❌ AUSSCHLIESSEN;50;-5;45;Stadt/Ort nicht in Whitelist: Garbsen;🔴 BLOCKER;"Nicht im Zielmarkt Hannover-Stadt; nur beobachten, falls Region explizit freigegeben wird.";prüfen;-5;False;LIKELY_VALID_EXCLUSION
20260701_offers_Hannover;https://www.immometrica.com/de/offer/27424299;Springe;31832 Springe;Klein aber Fein! Sonnig mit Garten, Balkon;34900;24;9.2;34;Ausschließen;⚠️ NUR MIT RÜCKFRAGEN;63;-5;58;"Wohnfläche < 30 m²; Stadt/Ort nicht in Whitelist: Springe; Hausgeld fehlt; ⚠️ CLUSTER gleiche Straße + PLZ";🔴 BLOCKER;"Ausschluss dokumentieren; nur Audit-Grenzfall prüfen.";prüfen;-5;False;LIKELY_VALID_EXCLUSION
20260701_offers_Hannover;https://www.immometrica.com/de/offer/27426756;Burgdorf;Hauffstr. 4, 31303 Burgdorf;Charmante 2-Zimmer-Wohnung mit Balkon und modernisierten Ausstattungsdetails in Burgdorf;72000;39;6.5;34;Ausschließen;❌ AUSSCHLIESSEN;59;-5;54;Stadt/Ort nicht in Whitelist: Burgdorf;🔴 BLOCKER;"Nicht im Zielmarkt Hannover-Stadt; nur beobachten, falls Region explizit freigegeben wird.";prüfen;-5;False;LIKELY_VALID_EXCLUSION
20260701_offers_Hannover;https://www.immometrica.com/de/offer/27430537;Barsinghausen;Heinrichstraße 1 A, 30890 Barsinghausen (Egestorf);2ZKB Balkon ETW mit Einbauküche und Aussicht am Deister;93500;51;6.1;34;Ausschließen;⚠️ NUR MIT RÜCKFRAGEN;63;-5;58;Stadt/Ort nicht in Whitelist: Barsinghausen;🔴 BLOCKER;"Nicht im Zielmarkt Hannover-Stadt; nur beobachten, falls Region explizit freigegeben wird.";prüfen;-5;False;LIKELY_VALID_EXCLUSION
20260701_offers_Hannover;https://www.immometrica.com/de/offer/27431550;Burgdorf;31303 Burgdorf;Charmante 2-Zimmer-Wohnung mit Balkon und modernisierten Ausstattungsdetails in Burgdorf;72000;39;6.5;33;Ausschließen;❌ AUSSCHLIESSEN;59;-5;54;Stadt/Ort nicht in Whitelist: Burgdorf;🔴 BLOCKER;"Nicht im Zielmarkt Hannover-Stadt; nur beobachten, falls Region explizit freigegeben wird.";prüfen;-5;False;LIKELY_VALID_EXCLUSION
20260701_offers_Hannover;https://www.immometrica.com/de/offer/27431596;Hannover;Strousbergstraße 12B, 30449 Hannover;Schöne 2-Zimmer-Wohnung + Balkon in Linden-Süd;125000;48;5.2;34;Ausschließen;❌ AUSSCHLIESSEN;47;-5;42;Hausgeld fehlt;🟡 PRÜFEN;Ausschließen oder nur bei deutlichem Preisnachlass erneut prüfen.;prüfen;-5;False;LIKELY_VALID_EXCLUSION
20260701_offers_Hannover;https://www.immometrica.com/de/offer/27442996;Alt-Laatzen;Otto-Hahn-Str. 30, 30880 Laatzen;Attraktiv mit viel Potenzial;146000;75;7.1;32;Ausschließen;❌ AUSSCHLIESSEN;37;-5;32;"Stadt/Ort nicht in Whitelist: Laatzen; MAKLER-WARNFLOSKEL; Hausgeld fehlt; ⚠️ CLUSTER gleiche Straße + PLZ";🔴 BLOCKER;"Nicht im Zielmarkt Hannover-Stadt; nur beobachten, falls Region explizit freigegeben wird.";prüfen;-5;False;LIKELY_VALID_EXCLUSION
20260701_offers_Hannover;https://www.immometrica.com/de/offer/27443577;Wedemark;Rubensweg 1, 30900, Wedemark;WEDEMARK – BISSENDORF VERMIETETE EIGENTUMS-WOHNUNG IM 3.OG MIT LOGGIA UND GARAGE;139000;67.5;6.2;32;Ausschließen;⚠️ NUR MIT RÜCKFRAGEN;65;-5;60;Stadt/Ort nicht in Whitelist: Wedemark;🔴 BLOCKER;"Nicht im Zielmarkt Hannover-Stadt; nur beobachten, falls Region explizit freigegeben wird.";prüfen;-5;False;LIKELY_VALID_EXCLUSION
20260701_offers_Hannover;https://www.immometrica.com/de/offer/27476408;Burgdorf;31303, Burgdorf;Attraktive 2-Zimmer-Wohnung mit Balkon in ruhiger Lage von Burgdorf!;145000;71;5.7;30;Ausschließen;❌ AUSSCHLIESSEN;56;-5;51;"Stadt/Ort nicht in Whitelist: Burgdorf; Hausgeld fehlt";🔴 BLOCKER;"Nicht im Zielmarkt Hannover-Stadt; nur beobachten, falls Region explizit freigegeben wird.";prüfen;-5;False;LIKELY_VALID_EXCLUSION
20260701_offers_Hannover;https://www.immometrica.com/de/offer/27534836;Barsinghausen;30890 Niedersachsen - Barsinghausen 30890 Niedersachsen - Barsinghausen;2 Zimmer Eigentumswohnung in Barsinghausen;115000;58;5.2;35;Ausschließen;❌ AUSSCHLIESSEN;7;-5;2;"Stadt/Ort nicht in Whitelist: Barsinghausen; SANIERUNGSSTAU / renovierungsbedürftig";🔴 BLOCKER;"Nicht im Zielmarkt Hannover-Stadt; nur beobachten, falls Region explizit freigegeben wird.";prüfen;-5;False;LIKELY_VALID_EXCLUSION
20260701_offers_Hannover;https://www.immometrica.com/de/offer/27553585;Hannover;Plauener Str. 25, 30179 Hannover;KUNZE: Eigennutzer aufgepasst: sanierte Wohnung zum 01.05. bezugsfrei in Hannover-Vahrenheide;79900;35;6.4;22;Ausschließen;❌ AUSSCHLIESSEN;52;-5;47;⚠️ CLUSTER gleiche Straße + PLZ;🟡 PRÜFEN;Ausschließen oder nur bei deutlichem Preisnachlass erneut prüfen.;prüfen;-5;False;LIKELY_VALID_EXCLUSION
20260701_offers_Hannover;https://www.immometrica.com/de/offer/27556049;Hannover;Hägewiesen 120, 30657 Hannover;Vermietete 2-Zimmer-Maisonettewohnung – Kapitalanlage in Hannover-Sahlkamp;125000;62.42;6.0;23;Ausschließen;❌ AUSSCHLIESSEN;50;-5;45;⚠️ CLUSTER gleiche Straße + PLZ;🟡 PRÜFEN;Ausschließen oder nur bei deutlichem Preisnachlass erneut prüfen.;prüfen;-5;False;LIKELY_VALID_EXCLUSION
20260701_offers_Hannover;https://www.immometrica.com/de/offer/27559121;Hannover;Kötnerhof 12, 30559 Hannover;Helle 2-Zimmer-Erdgeschosswohnung in Hannover-Anderten;150000;65;5.6;22;Ausschließen;❌ AUSSCHLIESSEN;58;-5;53;;🟡 PRÜFEN;Ausschließen oder nur bei deutlichem Preisnachlass erneut prüfen.;prüfen;-5;False;LIKELY_VALID_EXCLUSION
20260701_offers_Hannover;https://www.immometrica.com/de/offer/27561893;Linden-Mitte;30449 Hannover - Linden-Limmer 30449 Hannover - Linden-Limmer;Ihr neues IMMOBILIEN QUARTIER: Gepflegte & gut vermietete 2-Zimmer Wohnung im Ihmezentrum;75000;64.08;12.0;23;Ausschließen;❌ AUSSCHLIESSEN;41;-5;36;IHME-ZENTRUM-FALLE / Ihme-Risiko;🟡 PRÜFEN;Ausschließen oder nur bei deutlichem Preisnachlass erneut prüfen.;prüfen;-5;False;LIKELY_VALID_EXCLUSION
20260701_offers_Hannover;https://www.immometrica.com/de/offer/27571691;Alt-Laatzen;30880, Laatzen;Laatzen: Gepflegte 2-Zimmer-Wohnung!;115000;58;6.5;22;Ausschließen;❌ AUSSCHLIESSEN;45;-5;40;Stadt/Ort nicht in Whitelist: Laatzen;🔴 BLOCKER;"Nicht im Zielmarkt Hannover-Stadt; nur beobachten, falls Region explizit freigegeben wird.";prüfen;-5;False;LIKELY_VALID_EXCLUSION
20260701_offers_Hannover;https://www.immometrica.com/de/offer/27583819;Garbsen-Mitte;Haberkamp 2, 30823 Garbsen;Attraktive Kapitalanlage: Vermietete Eigentumswohnung nahe Uni-Campus;99000;39.4;5.4;21;Ausschließen;❌ AUSSCHLIESSEN;47;-5;42;"Stadt/Ort nicht in Whitelist: Garbsen; Hausgeld fehlt; ⚠️ CLUSTER gleiche Straße + PLZ; ⚠️ DUBLETTE nahezu gleiche Daten";🔴 BLOCKER;"Nicht im Zielmarkt Hannover-Stadt; nur beobachten, falls Region explizit freigegeben wird.";prüfen;-5;False;LIKELY_VALID_EXCLUSION
20260701_offers_Hannover;https://www.immometrica.com/de/offer/27596303;Hannover;Odenwaldstr. 5, 30657 Hannover;2-Zimmer-Wohnung mit wunderschönem Panoramablick;110000;61;6.6;19;Ausschließen;❌ AUSSCHLIESSEN;27;-5;22;SANIERUNGSSTAU / renovierungsbedürftig;🟡 PRÜFEN;Ausschließen oder nur bei deutlichem Preisnachlass erneut prüfen.;prüfen;-5;False;LIKELY_VALID_EXCLUSION
20260701_offers_Hannover;https://www.immometrica.com/de/offer/27605869;Burgdorf;Depenauerweg 38, 31303 Burgdorf;Gepflegte 2-Zimmer-Wohnung mit Balkon und Blick ins Grüne in Burgdorf;109900;53.5;6.3;18;Ausschließen;⚠️ NUR MIT RÜCKFRAGEN;61;-5;56;Stadt/Ort nicht in Whitelist: Burgdorf;🔴 BLOCKER;"Nicht im Zielmarkt Hannover-Stadt; nur beobachten, falls Region explizit freigegeben wird.";prüfen;-5;False;LIKELY_VALID_EXCLUSION
20260701_offers_Hannover;https://www.immometrica.com/de/offer/27613290;Burgdorf;31303 Niedersachsen - Burgdorf 31303 Niedersachsen - Burgdorf;Gepflegte 2-Zimmer-Wohnung mit Balkon und Blick ins Grüne in Burgdorf;109900;53.5;6.2;18;Ausschließen;⚠️ NUR MIT RÜCKFRAGEN;61;-5;56;Stadt/Ort nicht in Whitelist: Burgdorf;🔴 BLOCKER;"Nicht im Zielmarkt Hannover-Stadt; nur beobachten, falls Region explizit freigegeben wird.";prüfen;-5;False;LIKELY_VALID_EXCLUSION
20260701_offers_Hannover;https://www.immometrica.com/de/offer/27617639;Hannover;30657 Hannover;2-Zimmer-Wohnung mit wunderschönem Panoramablick;110000;61;8.9;16;Ausschließen;❌ AUSSCHLIESSEN;38;-5;33;SANIERUNGSSTAU / renovierungsbedürftig;🟡 PRÜFEN;Ausschließen oder nur bei deutlichem Preisnachlass erneut prüfen.;prüfen;-5;False;LIKELY_VALID_EXCLUSION
20260701_offers_Hannover;https://www.immometrica.com/de/offer/27636094;Hannover;Hemelingstr. 4, 30419 Hannover;Attraktive 2 Zimmer Wohnung in Stöcken!;125000;52.84;5.5;15;Ausschließen;❌ AUSSCHLIESSEN;51;-5;46;;🟡 PRÜFEN;Ausschließen oder nur bei deutlichem Preisnachlass erneut prüfen.;prüfen;-5;False;LIKELY_VALID_EXCLUSION
20260701_offers_Hannover;https://www.immometrica.com/de/offer/27643426;Stöcken;30419 Hannover (Stöcken);1 Zimmer Wohnung in Hannover -Stöcken zu verkaufen;65000;19;5.6;15;Ausschließen;❌ AUSSCHLIESSEN;36;-5;31;Wohnfläche < 30 m²;🔴 BLOCKER;"Ausschluss dokumentieren; nur Audit-Grenzfall prüfen.";prüfen;-5;False;LIKELY_VALID_EXCLUSION
20260701_offers_Hannover;https://www.immometrica.com/de/offer/27667249;Vahrenheide;Radebeuler Hof 1, 30179 Vahrenheide, Hannover;Eigentumswohnung zu verkaufen;135000;57.86;5.3;13;Ausschließen;❌ AUSSCHLIESSEN;50;0;50;Hausgeld fehlt;🟡 PRÜFEN;Ausschließen oder nur bei deutlichem Preisnachlass erneut prüfen.;kein Liquiditätsrisiko;0;False;LIKELY_VALID_EXCLUSION
20260701_offers_Hannover;https://www.immometrica.com/de/offer/27678406;Hannover;Lauckerthof 7, 30419 Hannover;Kapitalanlage in zentraler Lage von Hannover Stöcken - 2-Zimmer Wohnung mit Balkon;114000;51;5.9;13;Ausschließen;❌ AUSSCHLIESSEN;44;0;44;"⚠️ CLUSTER gleiche Straße + PLZ; ⚠️ DUBLETTE nahezu gleiche Daten";🟡 PRÜFEN;Ausschließen oder nur bei deutlichem Preisnachlass erneut prüfen.;kein Liquiditätsrisiko;0;False;LIKELY_VALID_EXCLUSION
20260701_offers_Hannover;https://www.immometrica.com/de/offer/27690661;Springe;Wolfstalstr. 14, 31832 Springe;Eigentumswohnung mit Weitblick aufs Gebirge in Springe (Kreis Hannover);69000;46;7.4;12;Ausschließen;⚠️ NUR MIT RÜCKFRAGEN;64;0;64;Stadt/Ort nicht in Whitelist: Springe;🔴 BLOCKER;"Nicht im Zielmarkt Hannover-Stadt; nur beobachten, falls Region explizit freigegeben wird.";kein Liquiditätsrisiko;0;False;LIKELY_VALID_EXCLUSION
20260701_offers_Hannover;https://www.immometrica.com/de/offer/27693356;Springe;Schiergrund 2, 31832 Springe;Eigentumswohnung mit Weitblick aufs Gebirge in Springe (Kreis Hannover);69000;46;7.4;11;Ausschließen;⚠️ NUR MIT RÜCKFRAGEN;64;0;64;Stadt/Ort nicht in Whitelist: Springe;🔴 BLOCKER;"Nicht im Zielmarkt Hannover-Stadt; nur beobachten, falls Region explizit freigegeben wird.";kein Liquiditätsrisiko;0;False;LIKELY_VALID_EXCLUSION
20260701_offers_Hannover;https://www.immometrica.com/de/offer/27705768;Vahrenheide;Plauener Str. 31, 30179 Vahrenheide, Hannover;2-Zimmer-Whg. im Terrassenhaus;129900;67.8;6.4;9;Ausschließen;❌ AUSSCHLIESSEN;11;0;11;"SANIERUNGSSTAU / renovierungsbedürftig; ⚠️ CLUSTER gleiche Straße + PLZ";🟡 PRÜFEN;Ausschließen oder nur bei deutlichem Preisnachlass erneut prüfen.;kein Liquiditätsrisiko;0;False;LIKELY_VALID_EXCLUSION
20260701_offers_Hannover;https://www.immometrica.com/de/offer/27706222;Alt-Laatzen;Am Wehrbusch 11, 30880 Laatzen;Mit Weitblick in Top-Lage;78000;41;6.8;9;Ausschließen;❌ AUSSCHLIESSEN;54;0;54;"Stadt/Ort nicht in Whitelist: Laatzen; Hausgeld fehlt";🔴 BLOCKER;"Nicht im Zielmarkt Hannover-Stadt; nur beobachten, falls Region explizit freigegeben wird.";kein Liquiditätsrisiko;0;False;LIKELY_VALID_EXCLUSION
20260701_offers_Hannover;https://www.immometrica.com/de/offer/27707169;Alt-Laatzen;30880, Laatzen;Gepflegte 2-Zimmer-Wohnung mit hellen Räumlichkeiten in ruhiger Lage;95000;44.86;5.8;9;Ausschließen;❌ AUSSCHLIESSEN;51;0;51;"Stadt/Ort nicht in Whitelist: Laatzen; Hausgeld fehlt";🔴 BLOCKER;"Nicht im Zielmarkt Hannover-Stadt; nur beobachten, falls Region explizit freigegeben wird.";kein Liquiditätsrisiko;0;False;LIKELY_VALID_EXCLUSION
20260701_offers_Hannover;https://www.immometrica.com/de/offer/27711167;Springe;Alter Sportplatz 8, 31832, Springe;Wohnen mit Charakter: 2-Zimmer-Wohnung in Springe mit Küche, Bad und Loggia;119500;64;6.3;9;Ausschließen;⚠️ NUR MIT RÜCKFRAGEN;61;0;61;"Stadt/Ort nicht in Whitelist: Springe; Hausgeld fehlt";🔴 BLOCKER;"Nicht im Zielmarkt Hannover-Stadt; nur beobachten, falls Region explizit freigegeben wird.";kein Liquiditätsrisiko;0;False;LIKELY_VALID_EXCLUSION
20260701_offers_Hannover;https://www.immometrica.com/de/offer/27712643;Isernhagen F. B.;30916 Isernhagen;Im Zentrum von Altwarmbüchen leben;149000;61;5.1;9;Ausschließen;❌ AUSSCHLIESSEN;45;0;45;"Stadt/Ort nicht in Whitelist: Isernhagen; Hausgeld fehlt";🔴 BLOCKER;"Nicht im Zielmarkt Hannover-Stadt; nur beobachten, falls Region explizit freigegeben wird.";kein Liquiditätsrisiko;0;False;LIKELY_VALID_EXCLUSION
20260701_offers_Hannover;https://www.immometrica.com/de/offer/27727469;Wettbergen;30457 Wettbergen, Hannover;Kapitalanlage in Wettbergen: vermietete 1,5 Zimmerwohnung mit Loggia;95000;39;6.2;7;Rückfragen;⚠️ NUR MIT RÜCKFRAGEN;61;0;61;;🟡 PRÜFEN;Rückfragen klären: Hausgeld, nicht umlagefähige Kosten, Mietvertrag, WEG, Sanierungsstatus.;kein Liquiditätsrisiko;0;False;OK
20260701_offers_Hannover;https://www.immometrica.com/de/offer/27753297;Linden-Nord;30451 Linden-Nord, Hannover;Zwei-Zimmer-Wohnung in Linden als Kapitalanlage;129000;57;6.2;5;Ausschließen;❌ AUSSCHLIESSEN;49;0;49;;🟡 PRÜFEN;Ausschließen oder nur bei deutlichem Preisnachlass erneut prüfen.;kein Liquiditätsrisiko;0;False;LIKELY_VALID_EXCLUSION
20260701_offers_Hannover;https://www.immometrica.com/de/offer/27756888;Garbsen-Mitte;Haberkamp 2, 30823 Garbsen;Attraktive Kapitalanlage: Vermietete Eigentumswohnung nahe Uni-Campus;99000;39.38;5.4;6;Ausschließen;❌ AUSSCHLIESSEN;47;0;47;"Stadt/Ort nicht in Whitelist: Garbsen; Hausgeld fehlt; ⚠️ CLUSTER gleiche Straße + PLZ; ⚠️ DUBLETTE nahezu gleiche Daten";🔴 BLOCKER;"Nicht im Zielmarkt Hannover-Stadt; nur beobachten, falls Region explizit freigegeben wird.";kein Liquiditätsrisiko;0;False;LIKELY_VALID_EXCLUSION
20260701_offers_Hannover;https://www.immometrica.com/de/offer/27759512;Springe;31832 Springe;2-Zimmer-Wohnung mit Aufzug - modernisiert, sofort bezugsfähig & ausbaufähig;80000;54.1;7.0;6;Ausschließen;⚠️ NUR MIT RÜCKFRAGEN;64;0;64;"Stadt/Ort nicht in Whitelist: Springe; Hausgeld fehlt; ⚠️ CLUSTER gleiche Straße + PLZ; ⚠️ DUBLETTE nahezu gleiche Daten";🔴 BLOCKER;"Nicht im Zielmarkt Hannover-Stadt; nur beobachten, falls Region explizit freigegeben wird.";kein Liquiditätsrisiko;0;False;LIKELY_VALID_EXCLUSION
20260701_offers_Hannover;https://www.immometrica.com/de/offer/27786509;Bennigsen;Süllbergring, 31832 Springe-Bennigsen;Suburban, naturnah leben: 2-Zi.-Whg in Bennigsen – Private Wohngenossenschaft;62500;49;9.9;1;Ausschließen;⚠️ NUR MIT RÜCKFRAGEN;64;0;64;"Stadt/Ort nicht in Whitelist: Springe; ⚠️ CLUSTER gleiche Straße + PLZ";🔴 BLOCKER;"Nicht im Zielmarkt Hannover-Stadt; nur beobachten, falls Region explizit freigegeben wird.";kein Liquiditätsrisiko;0;False;LIKELY_VALID_EXCLUSION
20260701_offers_Hannover;https://www.immometrica.com/de/offer/27790363;Burgdorf;Friederikenstr. 67, 31303 Burgdorf;Erdgeschosswohnung mit Terrasse in zentraler Lage;120000;60;5.7;1;Ausschließen;❌ AUSSCHLIESSEN;19;0;19;"Stadt/Ort nicht in Whitelist: Burgdorf; SANIERUNGSSTAU / renovierungsbedürftig";🔴 BLOCKER;"Nicht im Zielmarkt Hannover-Stadt; nur beobachten, falls Region explizit freigegeben wird.";kein Liquiditätsrisiko;0;False;LIKELY_VALID_EXCLUSION
20260701_offers_Hannover;https://www.immometrica.com/de/offer/27790552;Lehrte;Amselweg 17, 31275, Lehrte;Sonnige 2-Zimmer-Wohnung mit Balkon in Lehrte – sofort bezugsfrei;139000;61;5.1;2;Ausschließen;❌ AUSSCHLIESSEN;52;0;52;Stadt/Ort nicht in Whitelist: Lehrte;🔴 BLOCKER;"Nicht im Zielmarkt Hannover-Stadt; nur beobachten, falls Region explizit freigegeben wird.";kein Liquiditätsrisiko;0;False;LIKELY_VALID_EXCLUSION
20260701_offers_Hannover;https://www.immometrica.com/de/offer/27792321;Springe;Süllbergring, 31832 Springe-Bennigsen (Bennigsen);Suburban, naturnah leben: 2-Zi.-Whg in Bennigsen - Private Wohngenossenschaft;62500;49.1;9.9;2;Ausschließen;⚠️ NUR MIT RÜCKFRAGEN;64;0;64;"Stadt/Ort nicht in Whitelist: Springe; ⚠️ CLUSTER gleiche Straße + PLZ";🔴 BLOCKER;"Nicht im Zielmarkt Hannover-Stadt; nur beobachten, falls Region explizit freigegeben wird.";kein Liquiditätsrisiko;0;False;LIKELY_VALID_EXCLUSION
20260701_offers_Hannover;https://www.immometrica.com/de/offer/27801031;Döhren;30519 Döhren, Hannover;Charmante 1-Zimmer-Wohnung in Toplage am Maschsee – ideal als Kapitalanlage oder zur Eigennutzung;82500;30;5.9;0;Ausschließen;❌ AUSSCHLIESSEN;52;0;52;Hausgeld fehlt;🟡 PRÜFEN;Ausschließen oder nur bei deutlichem Preisnachlass erneut prüfen.;kein Liquiditätsrisiko;0;False;LIKELY_VALID_EXCLUSION
