dataset_label;details;plz;ort;adresse;titel;preis;wohnflaeche;roi_s;roi_i;tage_online;hausgeld;zustand;trend;cashflow;link_immometrica;online_bucket;liquiditaets_malus;audit_kategorie;manual_review_required;manual_review_reason
Hannover;https://www.immometrica.com/de/offer/23307683;30449;Hannover;Ihmeplatz 6, 30449 Hannover;Gepflegte, vermietete 2 Zimmer Whg.;57000.0;61.57;13.9;10.2;406.0;218.0;Gepflegt;gesunken;663.73;https://www.immometrica.com/de/offer/23307683;>180 Tage;-30;Altinserat-Renditefalle: hohe ROI, aber sehr lange online;True;stale_high_roi_risk
Hannover;https://www.immometrica.com/de/offer/27561893;30449;Linden-Mitte;30449 Hannover - Linden-Limmer 30449 Hannover - Linden-Limmer;Ihr neues IMMOBILIEN QUARTIER: Gepflegte & gut vermietete 2-Zimmer Wohnung im Ihmezentrum;75000.0;64.08;12.0;;23.0;326.0;Gepflegt;-;647.96;https://www.immometrica.com/de/offer/27561893;14–60 Tage;-5;prüfen;False;
Hannover;https://www.immometrica.com/de/offer/27041063;30451;Linden-Nord;Ottenstraße 10a, 30451 Linden-Nord, Hannover;1,5- Zimmer-Wohnung - vermietet - für Visionäre;48000.0;43.0;13.5;15.0;68.0;496.0;Renovierungsbedürftig;-;563.19;https://www.immometrica.com/de/offer/27041063;61–180 Tage;-15;Stale Listing Due Diligence: alt, aber eventuell prüfbar;True;stale_due_diligence
Hannover;https://www.immometrica.com/de/offer/22840770;30449;Linden-Mitte;Am Ihmeufer 3, 30449 Hannover;Ihr neues IMMOBILIEN QUARTIER: Gepflegte & gut vermietete 2-Zimmer Wohnung im Ihmezentrum;75000.0;64.1;12.2;10.4;453.0;326.0;Gepflegt;gesunken;654.58;https://www.immometrica.com/de/offer/22840770;>180 Tage;-30;Altinserat-Renditefalle: hohe ROI, aber sehr lange online;True;stale_high_roi_risk
Hannover;https://www.immometrica.com/de/offer/27786509;31832;Bennigsen;Süllbergring, 31832 Springe-Bennigsen;Suburban, naturnah leben: 2-Zi.-Whg in Bennigsen – Private Wohngenossenschaft;62500.0;49.0;9.9;;1.0;784.0;Erstbezug;-;337.69;https://www.immometrica.com/de/offer/27786509;<14 Tage;0;kein Liquiditätsrisiko;False;no_liquidity_issue
Hannover;https://www.immometrica.com/de/offer/27617639;30657;Hannover;30657 Hannover;2-Zimmer-Wohnung mit wunderschönem Panoramablick;110000.0;61.0;8.9;;16.0;273.0;Renovierungsbedürftig;-;575.92;https://www.immometrica.com/de/offer/27617639;14–60 Tage;-5;prüfen;False;
Hannover;https://www.immometrica.com/de/offer/27792321;31832;Springe;Süllbergring, 31832 Springe-Bennigsen (Bennigsen);Suburban, naturnah leben: 2-Zi.-Whg in Bennigsen - Private Wohngenossenschaft;62500.0;49.1;9.9;;2.0;784.0;Erstbezug;-;337.69;https://www.immometrica.com/de/offer/27792321;<14 Tage;0;kein Liquiditätsrisiko;False;no_liquidity_issue
Hannover;https://www.immometrica.com/de/offer/26248930;30559;Bemerode;Bindingweg 1, 30559 Bemerode, Hannover;Bemerode, Bindingweg, vermietete 2 Zi-ETW, 62 m², Balkon mit Fernblick,  7. OG, Stellplatz;134000.0;62.0;6.9;4.7;134.0;426.0;Gepflegt;-;355.66;https://www.immometrica.com/de/offer/26248930;61–180 Tage;-15;Stale Listing Due Diligence: alt, aber eventuell prüfbar;True;stale_due_diligence
Hannover;https://www.immometrica.com/de/offer/16526363;30177;List;Hinrichsring 12, 30177 Hannover;Hinrichsring: Vermietete 2-Zimmer-Wohnung mit Balkon nähe Mittellandkanal;99000.0;66.0;8.5;5.9;1098.0;476.0;Gepflegt;gesunken;439.23;https://www.immometrica.com/de/offer/16526363;>180 Tage;-30;Altinserat-Renditefalle: hohe ROI, aber sehr lange online;True;stale_high_roi_risk
Hannover;https://www.immometrica.com/de/offer/27442996;30880;Alt-Laatzen;Otto-Hahn-Str. 30, 30880 Laatzen;Attraktiv mit viel Potenzial;146000.0;75.0;7.1;4.3;32.0;;Gepflegt;-;425.7;https://www.immometrica.com/de/offer/27442996;14–60 Tage;-5;prüfen;False;
Hannover;https://www.immometrica.com/de/offer/27355897;30827;Garbsen;Im Hespe 41, 30827, Garbsen;1-Zimmer-Wohnung in Garbsen-Berenbostel;94500.0;48.0;7.1;;40.0;331.0;Gepflegt;gesunken;374.02;https://www.immometrica.com/de/offer/27355897;14–60 Tage;-5;prüfen;False;
Hannover;https://www.immometrica.com/de/offer/27043910;30952;Ronnenberg;Breite Str. 17C, 30952 Ronnenberg;Charmante 2 Zimmer Eigentumswohnung mit Balkon in Ronnenberg/OT;108000.0;54.0;6.9;;68.0;;Modernisiert;-;374.77;https://www.immometrica.com/de/offer/27043910;61–180 Tage;-15;Stale Listing Due Diligence: alt, aber eventuell prüfbar;True;stale_due_diligence
Hannover;https://www.immometrica.com/de/offer/27230522;30827;Garbsen;Goethestr. 5, 30827 Garbsen;Charmante DG-Wohnung nahe Hannover – ruhig & gut angebunden;119000.0;63.0;6.5;;51.0;533.0;Gepflegt;-;269.09;https://www.immometrica.com/de/offer/27230522;14–60 Tage;-5;prüfen;False;
Hannover;https://www.immometrica.com/de/offer/27424299;31832;Springe;31832 Springe;Klein aber Fein! Sonnig mit Garten, Balkon;34900.0;24.0;9.2;;34.0;;Gepflegt;-;391.74;https://www.immometrica.com/de/offer/27424299;14–60 Tage;-5;prüfen;False;
Hannover;https://www.immometrica.com/de/offer/27174904;30449;Hannover;Ihmeplatz 1, 30449 Hannover;Charmante 1-Zimmerwohnung an der Ihme.;49000.0;31.34;10.0;;57.0;273.0;Gepflegt;-;442.88;https://www.immometrica.com/de/offer/27174904;14–60 Tage;-5;prüfen;False;
Hannover;https://www.immometrica.com/de/offer/27127531;30559;Hannover;Georg-Büchner-Str. 23, 30559 Hannover;Hannover-Anderten: 2-Zimmer-Wohnung mit West-Loggia und viel Tageslicht;129000.0;53.13;6.0;;60.0;305.0;Gepflegt;-;315.21;https://www.immometrica.com/de/offer/27127531;14–60 Tage;-5;prüfen;False;
Hannover;https://www.immometrica.com/de/offer/26953836;30659;Hannover;Metzhof 3, 30659 Hannover;"ANGEBOTSVERFAHREN:
Dinner for one";68000.0;37.0;8.4;;76.0;199.0;Vollständig renoviert;-;435.05;https://www.immometrica.com/de/offer/26953836;61–180 Tage;-15;Stale Listing Due Diligence: alt, aber eventuell prüfbar;True;stale_due_diligence
Hannover;https://www.immometrica.com/de/offer/26330898;30916;Isernhagen F. B.;An der Riehe 100, 30916, Isernhagen;Charmantes 2 Zimmer, Wohnung mit Potenzial in gefragter Lage von Altwarmbüchen!;142000.0;55.38;5.8;4.6;127.0;187.0;Modernisiert;gesunken;313.13;https://www.immometrica.com/de/offer/26330898;61–180 Tage;-15;prüfen;False;
Hannover;https://www.immometrica.com/de/offer/27161194;31275;Lehrte;31275 Niedersachsen - Lehrte 31275 Niedersachsen - Lehrte;2 Zimmer Wohnung Eigentumswohnung mit Loggia – Kapitalanlage oder Perspektive;100000.0;63.0;7.3;4.0;58.0;329.0;Gepflegt;-;394.5;https://www.immometrica.com/de/offer/27161194;14–60 Tage;-5;prüfen;False;
Hannover;https://www.immometrica.com/de/offer/24486651;30457;Wettbergen;Berliner Str. 17, 30457 Hannover;Schöne Zwei-Zimmer Wohnung im beliebten Stadtteil Wettbergen mit Balkon und Panoramablick;139000.0;57.4;5.7;3.9;290.0;252.0;Gepflegt;-;280.95;https://www.immometrica.com/de/offer/24486651;>180 Tage;-30;Altinserat-Risiko: sehr lange online;True;stale_listing_risk
Hannover;https://www.immometrica.com/de/offer/26567000;30451;Linden-Nord;Stärkestr. 16, 30451 Hannover;Eigentumswohnung mit Balkon und Aufzug in Linden-Nord;125000.0;58.7;6.7;;110.0;;Modernisiert;-;365.45;https://www.immometrica.com/de/offer/26567000;61–180 Tage;-15;Stale Listing Due Diligence: alt, aber eventuell prüfbar;True;stale_due_diligence
Hannover;https://www.immometrica.com/de/offer/26625176;30853;Alt-Langenhagen;Im Hohen Felde 15, 30853 Langenhagen;Wohnen oder vermieten!;119000.0;47.21;6.1;;104.0;265.0;Gepflegt;gesunken;310.09;https://www.immometrica.com/de/offer/26625176;61–180 Tage;-15;Stale Listing Due Diligence: alt, aber eventuell prüfbar;True;stale_due_diligence
Hannover;https://www.immometrica.com/de/offer/27293854;30657;Bothfeld;30657 Hannover - Bothfeld-Vahrenheide 30657 Hannover - Bothfeld-Vahrenheide;kleine, feine Kapitalanlage mit Fernblick;125000.0;57.0;6.5;;47.0;325.0;Gepflegt;-;358.04;https://www.immometrica.com/de/offer/27293854;14–60 Tage;-5;prüfen;False;
Hannover;https://www.immometrica.com/de/offer/27613290;31303;Burgdorf;31303 Niedersachsen - Burgdorf 31303 Niedersachsen - Burgdorf;Gepflegte 2-Zimmer-Wohnung mit Balkon und Blick ins Grüne in Burgdorf;109900.0;53.5;6.2;;18.0;262.0;Saniert;-;328.36;https://www.immometrica.com/de/offer/27613290;14–60 Tage;-5;prüfen;False;
Hannover;https://www.immometrica.com/de/offer/27727469;30457;Wettbergen;30457 Wettbergen, Hannover;Kapitalanlage in Wettbergen: vermietete 1,5 Zimmerwohnung mit Loggia;95000.0;39.0;6.2;4.6;7.0;224.0;Vollständig renoviert;-;321.66;https://www.immometrica.com/de/offer/27727469;<14 Tage;0;kein Liquiditätsrisiko;False;no_liquidity_issue
Hannover;https://www.immometrica.com/de/offer/27015947;30539;Bemerode;Bemeroder Anger 17, 30539 Hannover;Selbst gestalten: 2 Zimmer mit Balkon in Hannover-Bemerode;135000.0;63.0;6.2;;70.0;329.86;Gepflegt;-;308.68;https://www.immometrica.com/de/offer/27015947;61–180 Tage;-15;Stale Listing Due Diligence: alt, aber eventuell prüfbar;True;stale_due_diligence
Hannover;https://www.immometrica.com/de/offer/23814589;30880;Alt-Laatzen;Flemingstr. 2, 30880 Laatzen;Sofort wohlfühlen: 2-Zi.-ETW im beliebten Laatzen-Mitte;125000.0;58.6;6.5;;356.0;358.0;Gepflegt;gesunken;326.42;https://www.immometrica.com/de/offer/23814589;>180 Tage;-30;Altinserat-Renditefalle: hohe ROI, aber sehr lange online;True;stale_high_roi_risk
Hannover;https://www.immometrica.com/de/offer/27559121;30559;Hannover;Kötnerhof 12, 30559 Hannover;Helle 2-Zimmer-Erdgeschosswohnung in Hannover-Anderten;150000.0;65.0;5.6;4.8;22.0;340.0;Saniert;-;234.27;https://www.immometrica.com/de/offer/27559121;14–60 Tage;-5;prüfen;False;
Hannover;https://www.immometrica.com/de/offer/26795490;30890;Barsinghausen;Berliner Str. 5, 30890 Barsinghausen;Schicke 2 Zi. Whg./Nähe Bahnhof/Zentrum;110000.0;60.0;6.6;;91.0;300.0;Gepflegt;gesunken;340.55;https://www.immometrica.com/de/offer/26795490;61–180 Tage;-15;Stale Listing Due Diligence: alt, aber eventuell prüfbar;True;stale_due_diligence
Hannover;https://www.immometrica.com/de/offer/27596303;30657;Hannover;Odenwaldstr. 5, 30657 Hannover;2-Zimmer-Wohnung mit wunderschönem Panoramablick;110000.0;61.0;6.6;5.3;19.0;273.0;Renovierungsbedürftig;-;345.55;https://www.immometrica.com/de/offer/27596303;14–60 Tage;-5;prüfen;False;
Hannover;https://www.immometrica.com/de/offer/26748834;30449;Linden-Süd;30449 Linden-Süd, Hannover;Ideale Studentenwohnung in zentraler Lage von Hannover-Linden;75000.0;30.0;6.8;3.5;94.0;;Gepflegt;-;353.58;https://www.immometrica.com/de/offer/26748834;61–180 Tage;-15;Stale Listing Due Diligence: alt, aber eventuell prüfbar;True;stale_due_diligence
Hannover;https://www.immometrica.com/de/offer/27711167;31832;Springe;Alter Sportplatz 8, 31832, Springe;Wohnen mit Charakter: 2-Zimmer-Wohnung in Springe mit Küche, Bad und Loggia;119500.0;64.0;6.3;;9.0;;Neuwertig;-;338.56;https://www.immometrica.com/de/offer/27711167;<14 Tage;0;kein Liquiditätsrisiko;False;no_liquidity_issue
Hannover;https://www.immometrica.com/de/offer/27556049;30657;Hannover;Hägewiesen 120, 30657 Hannover;Vermietete 2-Zimmer-Maisonettewohnung – Kapitalanlage in Hannover-Sahlkamp;125000.0;62.42;6.0;5.5;23.0;416.67;Gepflegt;-;252.25;https://www.immometrica.com/de/offer/27556049;14–60 Tage;-5;prüfen;False;
Hannover;https://www.immometrica.com/de/offer/27186940;30163;Hannover;30163 Hannover;! Provisionsfrei! Vermietete 2 Zi.-Wohnung in bester Lage mit Balkon und Tageslichtbad.;142000.0;53.0;5.5;;56.0;132.0;Gepflegt;-;312.25;https://www.immometrica.com/de/offer/27186940;14–60 Tage;-5;prüfen;False;
Hannover;https://www.immometrica.com/de/offer/26355234;30177;List;Hinrichsring 12, 30177 Hannover;Bald bezugsfrei: Helle Zweizimmerwohnung nahe Mittellandkanal in Hannover zu verkaufen!;110000.0;59.0;6.9;5.9;125.0;379.0;Gepflegt;gestiegen;349.55;https://www.immometrica.com/de/offer/26355234;61–180 Tage;-15;Stale Listing Due Diligence: alt, aber eventuell prüfbar;True;stale_due_diligence
Hannover;https://www.immometrica.com/de/offer/27605869;31303;Burgdorf;Depenauerweg 38, 31303 Burgdorf;Gepflegte 2-Zimmer-Wohnung mit Balkon und Blick ins Grüne in Burgdorf;109900.0;53.5;6.3;;18.0;262.0;Vollständig renoviert;-;325.02;https://www.immometrica.com/de/offer/27605869;14–60 Tage;-5;prüfen;False;
Hannover;https://www.immometrica.com/de/offer/26210423;30177;Hannover;Hinrichsring 15A, 30177 Hannover;Kapitalanlage in Toplage: Vermietete Eigentumswohnung am Mittellandkanal in Hannover-List;125000.0;64.0;6.7;3.4;138.0;381.0;Gepflegt;gesunken;349.57;https://www.immometrica.com/de/offer/26210423;61–180 Tage;-15;Stale Listing Due Diligence: alt, aber eventuell prüfbar;True;stale_due_diligence
Hannover;https://www.immometrica.com/de/offer/27759512;31832;Springe;31832 Springe;2-Zimmer-Wohnung mit Aufzug - modernisiert, sofort bezugsfähig & ausbaufähig;80000.0;54.1;7.0;;6.0;;Gepflegt;-;352.77;https://www.immometrica.com/de/offer/27759512;<14 Tage;0;kein Liquiditätsrisiko;False;no_liquidity_issue
Hannover;https://www.immometrica.com/de/offer/26760964;30629;Hannover;Engelsburg 1, 30629 Hannover;* Attraktives Anlageobjekt in H-Misburg * - vermietete 2-Zimmer-Wohnung mit Balkon;127000.0;64.0;6.4;4.3;92.0;290.0;Gepflegt;-;341.23;https://www.immometrica.com/de/offer/26760964;61–180 Tage;-15;Stale Listing Due Diligence: alt, aber eventuell prüfbar;True;stale_due_diligence
Hannover;https://www.immometrica.com/de/offer/27753297;30451;Linden-Nord;30451 Linden-Nord, Hannover;Zwei-Zimmer-Wohnung in Linden als Kapitalanlage;129000.0;57.0;6.2;4.1;5.0;491.0;Gepflegt;-;258.02;https://www.immometrica.com/de/offer/27753297;<14 Tage;0;kein Liquiditätsrisiko;False;no_liquidity_issue
Hannover;https://www.immometrica.com/de/offer/26115366;30853;Alt-Langenhagen;30853, Langenhagen;Helles 2-Zimmer-Apartment mit Balkon in gepflegtem Mehrfamilienhaus;139000.0;52.0;5.4;;145.0;256.0;Modernisiert;gesunken;242.95;https://www.immometrica.com/de/offer/26115366;61–180 Tage;-15;prüfen;False;
Hannover;https://www.immometrica.com/de/offer/27031880;30179;Sahlkamp;Sahlkamp 21, 30179 Hannover;Kapitalanlage oder Eigenheim: Renovierungsbedürftige 2-Zimmer-Wohnung mit Charme in Hannover!;99000.0;52.0;6.7;;70.0;286.74;Renovierungsbedürftig;-;338.32;https://www.immometrica.com/de/offer/27031880;61–180 Tage;-15;Stale Listing Due Diligence: alt, aber eventuell prüfbar;True;stale_due_diligence
Hannover;https://www.immometrica.com/de/offer/21068810;30890;Barsinghausen;Allerweg 1, 30890 Barsinghausen;!! Provisionsfrei !!Schicke 2 Zi.ETW/3 WE/ effiziente neue Heizung/Garten/ca. 18 km bis Hannover;98000.0;65.0;6.7;;625.0;;Gepflegt;-;355.42;https://www.immometrica.com/de/offer/21068810;>180 Tage;-30;Altinserat-Renditefalle: hohe ROI, aber sehr lange online;True;stale_high_roi_risk
Hannover;https://www.immometrica.com/de/offer/27707169;30880;Alt-Laatzen;30880, Laatzen;Gepflegte 2-Zimmer-Wohnung mit hellen Räumlichkeiten in ruhiger Lage;95000.0;44.86;5.8;;9.0;;Gepflegt;-;284.66;https://www.immometrica.com/de/offer/27707169;<14 Tage;0;kein Liquiditätsrisiko;False;no_liquidity_issue
Hannover;https://www.immometrica.com/de/offer/27049357;30952;Ronnenberg;30952 Niedersachsen - Ronnenberg 30952 Niedersachsen - Ronnenberg;Charmante 2 Zimmer Eigentumswohnung mit Balkon in Ronnenberg/OT;108000.0;54.0;6.2;;69.0;;Modernisiert;-;330.83;https://www.immometrica.com/de/offer/27049357;61–180 Tage;-15;Stale Listing Due Diligence: alt, aber eventuell prüfbar;True;stale_due_diligence
Hannover;https://www.immometrica.com/de/offer/27443577;30900;Wedemark;Rubensweg 1, 30900, Wedemark;WEDEMARK – BISSENDORF VERMIETETE EIGENTUMS-WOHNUNG IM 3.OG MIT LOGGIA UND GARAGE;139000.0;67.5;6.2;4.9;32.0;135.0;Gepflegt;-;374.95;https://www.immometrica.com/de/offer/27443577;14–60 Tage;-5;prüfen;False;
Hannover;https://www.immometrica.com/de/offer/23865621;30455;Davenstedt;Wegsfeld 42, 30455 Hannover (Davenstedt);1- Zimmereigentumswohnung mit Balkon & Wellnessbereich im Terrassenhaus in Davenstedt;110000.0;55.3;6.4;0.5;350.0;210.0;Renovierungsbedürftig;gesunken;346.1;https://www.immometrica.com/de/offer/23865621;>180 Tage;-30;Altinserat-Renditefalle: hohe ROI, aber sehr lange online;True;stale_high_roi_risk
Hannover;https://www.immometrica.com/de/offer/27583819;30823;Garbsen-Mitte;Haberkamp 2, 30823 Garbsen;Attraktive Kapitalanlage: Vermietete Eigentumswohnung nahe Uni-Campus;99000.0;39.4;5.4;;21.0;;Modernisiert;gesunken;254.75;https://www.immometrica.com/de/offer/27583819;14–60 Tage;-5;prüfen;False;
Hannover;https://www.immometrica.com/de/offer/17902470;30880;Alt-Laatzen;Flemingstraße, 30880 Laatzen (Laatzen-Mitte);Gut geschnittene Etagenwohnung mit Sonnenbalkon und 1 Tiefgaragenplatz;105000.0;59.0;6.9;4.6;943.0;311.0;Gepflegt;-;358.59;https://www.immometrica.com/de/offer/17902470;>180 Tage;-30;Altinserat-Renditefalle: hohe ROI, aber sehr lange online;True;stale_high_roi_risk
Hannover;https://www.immometrica.com/de/offer/27756888;30823;Garbsen-Mitte;Haberkamp 2, 30823 Garbsen;Attraktive Kapitalanlage: Vermietete Eigentumswohnung nahe Uni-Campus;99000.0;39.38;5.4;;6.0;;Modernisiert;-;256.23;https://www.immometrica.com/de/offer/27756888;<14 Tage;0;kein Liquiditätsrisiko;False;no_liquidity_issue
Hannover;https://www.immometrica.com/de/offer/27476408;31303;Burgdorf;31303, Burgdorf;Attraktive 2-Zimmer-Wohnung mit Balkon in ruhiger Lage von Burgdorf!;145000.0;71.0;5.7;;30.0;;Modernisiert;gesunken;258.33;https://www.immometrica.com/de/offer/27476408;14–60 Tage;-5;prüfen;False;
Hannover;https://www.immometrica.com/de/offer/24711918;30851;Alt-Langenhagen;Kurt-Schumacher-Allee 45, 30851 Langenhagen;Vermietete Zwei-Zimmer-Wohnung mit tollem Ausblick!;145000.0;62.26;5.4;4.0;268.0;385.0;Gepflegt;gesunken;211.35;https://www.immometrica.com/de/offer/24711918;>180 Tage;-30;Altinserat-Risiko: sehr lange online;True;stale_listing_risk
Hannover;https://www.immometrica.com/de/offer/26665777;30880;Alt-Laatzen;Gubiner Str. 8, 30880 Laatzen;Helle & großzügige 2-Zimmer-Wohnung mit sonnigem Balkon in guter Wohnlage;145000.0;61.6;5.3;3.2;100.0;;Gepflegt;-;220.87;https://www.immometrica.com/de/offer/26665777;61–180 Tage;-15;prüfen;False;
Hannover;https://www.immometrica.com/de/offer/25392464;30519;Hannover;Washingtonweg 1A, 30519 Hannover;Helle vermietete 1-Zimmer-Wohnung - ideal für Kapitalanleger;70000.0;34.0;6.9;7.5;223.0;199.33;Renovierungsbedürftig;gesunken;392.57;https://www.immometrica.com/de/offer/25392464;>180 Tage;-30;Altinserat-Renditefalle: hohe ROI, aber sehr lange online;True;stale_high_roi_risk
Hannover;https://www.immometrica.com/de/offer/26195012;30419;Stöcken;Stöckener Strasse 91, 30419 Stöcken, Hannover;● Gehobene Qualität, Delta Bau Objekt ● Stöckener Str. 91, Hannover;138000.0;53.0;5.2;3.9;139.0;351.0;Gepflegt;-;178.71;https://www.immometrica.com/de/offer/26195012;61–180 Tage;-15;prüfen;False;
Hannover;https://www.immometrica.com/de/offer/23582066;30519;Mittelfeld;Washingtonweg 1A, 30519 Mittelfeld, Hannover;Moderne & frisch sanierte 1-Zimmer-Wohnung: hell, sonniger Balkon + schöner Ausblick ins Grüne;75000.0;25.39;6.6;;379.0;;Saniert;-;346.8;https://www.immometrica.com/de/offer/23582066;>180 Tage;-30;Altinserat-Renditefalle: hohe ROI, aber sehr lange online;True;stale_high_roi_risk
Hannover;https://www.immometrica.com/de/offer/26475994;30823;Garbsen-Mitte;Haberkamp 2, 30823 Garbsen;5.640€ Kaltmieteinnahmen jährlich! 1-Zimmer-Wohnung mit Balkon, Keller & EBK und top Energiewerten!;109000.0;39.0;5.1;5.2;116.0;397.0;Gepflegt;-;184.75;https://www.immometrica.com/de/offer/26475994;61–180 Tage;-15;prüfen;False;
Hannover;https://www.immometrica.com/de/offer/25867624;30952;Empelde;Breite Str. 17 C, 30952 Ronnenberg (Empelde);Sanierte Wohnung in zentraler Lage mit Westbalkon in Empelde/ Ronnenberg zu verkaufen;110000.0;53.2;5.7;;168.0;494.0;Neuwertig;-;220.92;https://www.immometrica.com/de/offer/25867624;61–180 Tage;-15;prüfen;False;
Hannover;https://www.immometrica.com/de/offer/27678406;30419;Hannover;Lauckerthof 7, 30419 Hannover;Kapitalanlage in zentraler Lage von Hannover Stöcken - 2-Zimmer Wohnung mit Balkon ;114000.0;51.0;5.9;4.5;13.0;400.0;Gepflegt;-;246.12;https://www.immometrica.com/de/offer/27678406;<14 Tage;0;kein Liquiditätsrisiko;False;no_liquidity_issue
Hannover;https://www.immometrica.com/de/offer/23582360;30519;Hannover;Washingtonweg 1A, 30519 Mittelfeld, Hannover;Moderne & frisch sanierte 2-Zimmer-Wohnung: hell, freundlich + schöner Ausblick ins Grüne;95000.0;34.52;5.8;;378.0;;Saniert;-;293.66;https://www.immometrica.com/de/offer/23582360;>180 Tage;-30;Altinserat-Risiko: sehr lange online;True;stale_listing_risk
Hannover;https://www.immometrica.com/de/offer/27143459;30419;Ledeburg;Baldeniusstr. 35, 30419 Hannover;1,5 Zimmer Wohnung mit Weitblick ;120000.0;42.0;5.0;3.6;58.0;150.0;Modernisiert;gesunken;258.33;https://www.immometrica.com/de/offer/27143459;14–60 Tage;-5;prüfen;False;
Hannover;https://www.immometrica.com/de/offer/26693539;30890;Barsinghausen;Breite Str. 7, 30890 Barsinghausen;Wohnen in der Stadt: 2-Zimmerwohnung mit  Aufzug;139000.0;69.0;5.5;;98.0;223.0;Gepflegt;-;259.95;https://www.immometrica.com/de/offer/26693539;61–180 Tage;-15;prüfen;False;
Hannover;https://www.immometrica.com/de/offer/25698195;30823;Garbsen-Mitte;30823 Garbsen / Havelse (Havelse);Gepflegtes Einzimmer-Appartement in Garbsen/Havelse;125000.0;44.0;5.0;;186.0;;Gepflegt;gesunken;207.45;https://www.immometrica.com/de/offer/25698195;>180 Tage;-30;Altinserat-Risiko: sehr lange online;True;stale_listing_risk
Hannover;https://www.immometrica.com/de/offer/27636094;30419;Hannover;Hemelingstr. 4, 30419 Hannover;Attraktive 2 Zimmer Wohnung in Stöcken!;125000.0;52.84;5.5;4.8;15.0;249.44;Gepflegt;-;256.45;https://www.immometrica.com/de/offer/27636094;14–60 Tage;-5;prüfen;False;
Hannover;https://www.immometrica.com/de/offer/27712643;30916;Isernhagen F. B.;30916 Isernhagen;Im Zentrum von Altwarmbüchen leben;149000.0;61.0;5.1;;9.0;;Gepflegt;-;192.88;https://www.immometrica.com/de/offer/27712643;<14 Tage;0;kein Liquiditätsrisiko;False;no_liquidity_issue
Hannover;https://www.immometrica.com/de/offer/26810947;31832;Springe;31832, Springe;Zwei kompakte Wohneinheiten unter einem Dach – ideal für Kapitalanleger Mehrfamilienhaus;79900.0;54.0;7.7;3.7;88.0;270.0;Gepflegt;-;395.23;https://www.immometrica.com/de/offer/26810947;61–180 Tage;-15;Stale Listing Due Diligence: alt, aber eventuell prüfbar;True;stale_due_diligence
Hannover;https://www.immometrica.com/de/offer/27006750;30519;Mittelfeld;30519 Hannover (Mittelfeld);2 Zimmer Wohnung in Hannover Döhren-Wülfel zu verkaufen;65000.0;30.0;6.7;;71.0;200.0;Gepflegt;-;338.87;https://www.immometrica.com/de/offer/27006750;61–180 Tage;-15;Stale Listing Due Diligence: alt, aber eventuell prüfbar;True;stale_due_diligence
Hannover;https://www.immometrica.com/de/offer/26040796;30823;Garbsen-Mitte;Haberkamp 2, 30823 Garbsen;Gepflegte und zentrale 1-Zimmer-Wohnung mit Balkon | Garbsen!;114000.0;40.0;5.1;;153.0;255.0;Vollständig renoviert;gesunken;215.21;https://www.immometrica.com/de/offer/26040796;61–180 Tage;-15;prüfen;False;
Hannover;https://www.immometrica.com/de/offer/25883174;30880;Laatzen-Mitte;Flemingstraße 2, 30880, Laatzen;Neu vermietete 2 Zi.-ETW + 1 TG-Platz in Laatzen;115000.0;59.0;6.4;5.9;166.0;390.0;Gepflegt;-;298.52;https://www.immometrica.com/de/offer/25883174;61–180 Tage;-15;Stale Listing Due Diligence: alt, aber eventuell prüfbar;True;stale_due_diligence
Hannover;https://www.immometrica.com/de/offer/26899282;30455;Davenstedt;Wegsfeld 42, 30455 Hannover (Davenstedt);1- Zimmereigentumswohnung mit Balkon & Wellnessbereich im Terrassenhaus in Davenstedt;120000.0;55.3;5.7;;79.0;210.0;Renovierungsbedürftig;gesunken;280.53;https://www.immometrica.com/de/offer/26899282;61–180 Tage;-15;prüfen;False;
Hannover;https://www.immometrica.com/de/offer/27790363;31303;Burgdorf;Friederikenstr. 67, 31303 Burgdorf;Erdgeschosswohnung mit Terrasse in zentraler Lage;120000.0;60.0;5.7;;1.0;235.0;Renovierungsbedürftig;-;283.48;https://www.immometrica.com/de/offer/27790363;<14 Tage;0;kein Liquiditätsrisiko;False;no_liquidity_issue
Hannover;https://www.immometrica.com/de/offer/26834793;30629;Hannover;Findstellenweg 6, 30629 Hannover;2-Zimmer Eigentumswohnung in ruhiger Lage | Vermietet | Misburg-Nord;127400.0;55.61;5.5;3.7;86.0;229.0;Gepflegt;-;257.39;https://www.immometrica.com/de/offer/26834793;61–180 Tage;-15;prüfen;False;
Hannover;https://www.immometrica.com/de/offer/25037940;30419;Hannover;Lauckerthof 7, 30419 Hannover;Kapitalanlage in zentraler Lage von Hannover Stöcken - 2-Zimmer Wohnung mit Balkon;114000.0;51.0;5.9;4.5;239.0;400.0;Gepflegt;gesunken;248.97;https://www.immometrica.com/de/offer/25037940;>180 Tage;-30;Altinserat-Risiko: sehr lange online;True;stale_listing_risk
Hannover;https://www.immometrica.com/de/offer/24681000;30165;Vahrenwald;30165 Hannover - Vahrenwald-List 30165 Hannover - Vahrenwald-List;Kapitalanlage mit Steuervorteilen: Gepflegte ETW mit EBK & hoher Abschreibung;119000.0;51.0;5.9;5.0;272.0;407.0;Gepflegt;gesunken;245.09;https://www.immometrica.com/de/offer/24681000;>180 Tage;-30;Altinserat-Risiko: sehr lange online;True;stale_listing_risk
Hannover;https://www.immometrica.com/de/offer/27087550;30823;Garbsen-Mitte;30823, Garbsen;Gepflegtes Einzimmer-Appartement in Garbsen/Havelse;125000.0;44.0;5.0;;65.0;;Gepflegt;-;206.45;https://www.immometrica.com/de/offer/27087550;61–180 Tage;-15;prüfen;False;
Hannover;https://www.immometrica.com/de/offer/26676332;31832;Springe;Steinberg 57, 31832 Springe;Gepflegte kleine Wohnung direkt am Deister;80000.0;57.0;7.4;;99.0;420.0;Renovierungsbedürftig;-;332.83;https://www.immometrica.com/de/offer/26676332;61–180 Tage;-15;Stale Listing Due Diligence: alt, aber eventuell prüfbar;True;stale_due_diligence
Hannover;https://www.immometrica.com/de/offer/24968487;30455;Hannover;In der Steinbreite 89, 30455 Hannover;Helle + großzügige 2-Zimmer-Wohnung mit sonnigem Balkon in ruhiger & zentrumsnaher Lage;145000.0;60.8;5.2;;245.0;;Gepflegt;gesunken;203.3;https://www.immometrica.com/de/offer/24968487;>180 Tage;-30;Altinserat-Risiko: sehr lange online;True;stale_listing_risk
Hannover;https://www.immometrica.com/de/offer/27292266;30657;Hannover;Hägewiesen 91, 30657 Hannover;kleine, feine Kapitalanlage mit Fernblick;125000.0;57.0;5.4;3.4;46.0;325.0;Gepflegt;-;225.55;https://www.immometrica.com/de/offer/27292266;14–60 Tage;-5;prüfen;False;
Hannover;https://www.immometrica.com/de/offer/27705768;30179;Vahrenheide;Plauener Str. 31, 30179 Vahrenheide, Hannover;2-Zimmer-Whg. im Terrassenhaus;129900.0;67.8;6.4;;9.0;421.1;Renovierungsbedürftig;-;316.2;https://www.immometrica.com/de/offer/27705768;<14 Tage;0;kein Liquiditätsrisiko;False;no_liquidity_issue
Hannover;https://www.immometrica.com/de/offer/27332928;30453;Linden-Mitte;Badenstedter Str. 46A, 30453 Linden-Mitte, Hannover;Separat m. eigenem Eingang - auch Gewerbenutzung möglich;120000.0;40.0;5.0;;42.0;;Modernisiert;-;234.33;https://www.immometrica.com/de/offer/27332928;14–60 Tage;-5;prüfen;False;
Hannover;https://www.immometrica.com/de/offer/27021080;30453;Hannover;Geveker Kamp 67, 30453 Hannover;Renovierungsbedürftige 2-Zimmer Wohnung mit viel Potenzial in Ahlem;139000.0;56.0;5.2;;70.0;259.0;Renovierungsbedürftig;gesunken;215.95;https://www.immometrica.com/de/offer/27021080;61–180 Tage;-15;prüfen;False;
Hannover;https://www.immometrica.com/de/offer/27068502;30823;Garbsen-Mitte;30823, Garbsen;2-Zimmer-Wohnung mit Balkon!;140000.0;63.0;5.4;;66.0;;Gepflegt;-;233.67;https://www.immometrica.com/de/offer/27068502;61–180 Tage;-15;prüfen;False;
Hannover;https://www.immometrica.com/de/offer/27215264;30880;Alt-Laatzen;Auf der Dehne 2B, 30880 Laatzen;Perfekt für Messegäste: Attraktive 1-Zimmer-Wohnung nahe Messegelände;89000.0;38.5;5.9;;54.0;120.35;Modernisiert;-;320.67;https://www.immometrica.com/de/offer/27215264;14–60 Tage;-5;prüfen;False;
Hannover;https://www.immometrica.com/de/offer/27706222;30880;Alt-Laatzen;Am Wehrbusch 11, 30880 Laatzen;Mit Weitblick in Top-Lage;78000.0;41.0;6.8;;9.0;;Gepflegt;-;348.98;https://www.immometrica.com/de/offer/27706222;<14 Tage;0;kein Liquiditätsrisiko;False;no_liquidity_issue
Hannover;https://www.immometrica.com/de/offer/25610093;30179;Sahlkamp;30179 Hannover (Sahlkamp);Klein, fein und vermietet;130000.0;57.0;5.6;3.3;199.0;314.0;Gepflegt;-;242.41;https://www.immometrica.com/de/offer/25610093;>180 Tage;-30;Altinserat-Risiko: sehr lange online;True;stale_listing_risk
Hannover;https://www.immometrica.com/de/offer/23246720;30455;Badenstedt;Ziesenißstr. 22, 30455 Badenstedt, Hannover;Anlage-Einstieg: Vermietete 2-Zimmer-Wohnung in guter Lage Hann.-Badenstedt.;137900.0;56.61;5.0;3.9;412.0;263.0;Gepflegt;gesunken;204.85;https://www.immometrica.com/de/offer/23246720;>180 Tage;-30;Altinserat-Risiko: sehr lange online;True;stale_listing_risk
Hannover;https://www.immometrica.com/de/offer/27298384;30880;Alt-Laatzen;Ziegeleistr. 17, 30880 Laatzen;Investieren statt suchen - vermietete 1-Zimmer-Wohnung mit Balkon & stabilem Mietertrag;99000.0;44.4;5.7;4.6;45.0;315.0;Gepflegt;-;255.23;https://www.immometrica.com/de/offer/27298384;14–60 Tage;-5;prüfen;False;
Hannover;https://www.immometrica.com/de/offer/27431596;30449;Hannover;Strousbergstraße 12B, 30449 Hannover;Schöne 2-Zimmer-Wohnung + Balkon in Linden-Süd;125000.0;48.0;5.2;3.4;34.0;;Gepflegt;gestiegen;246.04;https://www.immometrica.com/de/offer/27431596;14–60 Tage;-5;prüfen;False;
Hannover;https://www.immometrica.com/de/offer/26403777;30880;Alt-Laatzen;Otto-Hahn-Str. 15, 30880 Laatzen;Laatzen: Wir bieten 1-Zimmer-Apartment in top Lage zum Kauf an.;98500.0;44.0;6.0;;121.0;204.5;Renovierungsbedürftig;gesunken;313.54;https://www.immometrica.com/de/offer/26403777;61–180 Tage;-15;Stale Listing Due Diligence: alt, aber eventuell prüfbar;True;stale_due_diligence
Hannover;https://www.immometrica.com/de/offer/27571691;30880;Alt-Laatzen;30880, Laatzen;Laatzen: Gepflegte 2-Zimmer-Wohnung!;115000.0;58.0;6.5;;22.0;378.0;Gepflegt;-;311.52;https://www.immometrica.com/de/offer/27571691;14–60 Tage;-5;prüfen;False;
Hannover;https://www.immometrica.com/de/offer/27690661;31832;Springe;Wolfstalstr. 14, 31832 Springe;Eigentumswohnung mit Weitblick aufs Gebirge in Springe (Kreis Hannover);69000.0;46.0;7.4;;12.0;230.0;Gepflegt;-;373.08;https://www.immometrica.com/de/offer/27690661;<14 Tage;0;kein Liquiditätsrisiko;False;no_liquidity_issue
Hannover;https://www.immometrica.com/de/offer/27693356;31832;Springe;Schiergrund 2, 31832 Springe;Eigentumswohnung mit Weitblick aufs Gebirge in Springe (Kreis  Hannover);69000.0;46.0;7.4;;11.0;273.0;Gepflegt;-;360.08;https://www.immometrica.com/de/offer/27693356;<14 Tage;0;kein Liquiditätsrisiko;False;no_liquidity_issue
Hannover;https://www.immometrica.com/de/offer/27431550;31303;Burgdorf;31303 Burgdorf;Charmante 2-Zimmer-Wohnung mit Balkon und modernisierten Ausstattungsdetails in Burgdorf;72000.0;39.0;6.5;;33.0;185.0;Modernisiert;-;335.62;https://www.immometrica.com/de/offer/27431550;14–60 Tage;-5;prüfen;False;
Hannover;https://www.immometrica.com/de/offer/27176495;30625;Hannover;Steimbker Hof 11, 30625 Hannover;Heideviertel  - Großzügige 1 Zi ETW mit Balkon in ruhiger Lage nahe der  MHH -;127000.0;46.0;5.2;3.3;56.0;258.0;Gepflegt;-;217.23;https://www.immometrica.com/de/offer/27176495;14–60 Tage;-5;prüfen;False;
Hannover;https://www.immometrica.com/de/offer/24550381;30952;Empelde;Breite Str. 17 C, 30952 Ronnenberg (Empelde);Sanierte Wohnung in zentraler Lage mit Westbalkon in Empelde/ Ronnenberg zu verkaufen;115000.0;50.3;5.2;;283.0;494.0;Neuwertig;-;168.62;https://www.immometrica.com/de/offer/24550381;>180 Tage;-30;Altinserat-Risiko: sehr lange online;True;stale_listing_risk
Hannover;https://www.immometrica.com/de/offer/27534836;30890;Barsinghausen;30890 Niedersachsen - Barsinghausen 30890 Niedersachsen - Barsinghausen;2 Zimmer Eigentumswohnung in Barsinghausen;115000.0;58.0;5.2;;35.0;270.0;Renovierungsbedürftig;gesunken;242.62;https://www.immometrica.com/de/offer/27534836;14–60 Tage;-5;prüfen;False;
Hannover;https://www.immometrica.com/de/offer/27801031;30519;Döhren;30519 Döhren, Hannover;Charmante 1-Zimmer-Wohnung in Toplage am Maschsee – ideal als Kapitalanlage oder zur Eigennutzung;82500.0;30.0;5.9;;0.0;;Gepflegt;-;301.25;https://www.immometrica.com/de/offer/27801031;<14 Tage;0;kein Liquiditätsrisiko;False;no_liquidity_issue
Hannover;https://www.immometrica.com/de/offer/27172839;30880;Alt-Laatzen;Otto-Hahn-Str. 13, 30880 Laatzen;Kapitalanlage mit Aufzug – vermietete 1-Zimmer-Wohnung mit 420 € Kaltmiete – Solide 6% Rendite;84900.0;42.0;6.1;5.9;57.0;291.0;Gepflegt;-;301.82;https://www.immometrica.com/de/offer/27172839;14–60 Tage;-5;prüfen;False;
Hannover;https://www.immometrica.com/de/offer/23481254;30449;Hannover;Ihmeplatz 1, 30449 Linden-Mitte, Hannover;Renovierte 1-Zimmer Wohnung für Kapitalanleger - 7,35 % Mietrendite - im Ihmezentrum;80000.0;31.0;6.4;7.4;390.0;255.02;Renovierungsbedürftig;-;373.8;https://www.immometrica.com/de/offer/23481254;>180 Tage;-30;Altinserat-Renditefalle: hohe ROI, aber sehr lange online;True;stale_high_roi_risk
Hannover;https://www.immometrica.com/de/offer/26279319;30179;Hannover;Vahrenheider Markt 8, 30179 Hannover;Charmantes 1-Zimmer-Apartment mit 40 m² in Hannover;89000.0;40.0;6.4;4.7;133.0;280.94;Renovierungsbedürftig;gesunken;314.3;https://www.immometrica.com/de/offer/26279319;61–180 Tage;-15;Stale Listing Due Diligence: alt, aber eventuell prüfbar;True;stale_due_diligence
Hannover;https://www.immometrica.com/de/offer/26062724;30880;Alt-Laatzen;Otto-Hahn-Str. 13, 30880 Laatzen (Laatzen-Mitte);Vermietete 1-Zimmer-Kapitalanlage mit Aufzug in Laatzen - Solide 6% Rendite;84900.0;42.0;6.1;5.9;150.0;280.0;Gepflegt;gesunken;304.82;https://www.immometrica.com/de/offer/26062724;61–180 Tage;-15;Stale Listing Due Diligence: alt, aber eventuell prüfbar;True;stale_due_diligence
Hannover;https://www.immometrica.com/de/offer/26022276;30459;Hannover;Henckellweg 13, 30459 Hannover;KUNZE: Gut geschnittene Wohnung mit hervorragender Verkehrsanbindung in Ricklingen;110000.0;40.0;5.0;4.1;153.0;195.0;Gepflegt;-;244.92;https://www.immometrica.com/de/offer/26022276;61–180 Tage;-15;prüfen;False;
Hannover;https://www.immometrica.com/de/offer/26870368;30459;Ricklingen;30459 Hannover / Ricklingen (Ricklingen);Eine Wohnung mit viel Potenzial in begehrter Lage von Hannover-Ricklingen!;149000.0;57.9;5.2;;83.0;329.0;Gepflegt;-;189.88;https://www.immometrica.com/de/offer/26870368;61–180 Tage;-15;prüfen;False;
Hannover;https://www.immometrica.com/de/offer/27183616;30165;Hannover;30165 Hannover - Nord 30165 Hannover - Nord;Vermietete gepflegte 1-Zimmer-Eigentumswohnung in Hannover;85000.0;37.0;6.0;6.1;57.0;336.0;Gepflegt;gesunken;283.38;https://www.immometrica.com/de/offer/27183616;14–60 Tage;-5;prüfen;False;
Hannover;https://www.immometrica.com/de/offer/27309274;30455;Badenstedt;30455 Hannover - Ahlem-Badenstedt-Davenstedt 30455 Hannover - Ahlem-Badenstedt-Davenstedt;Sonnig-Charmante Einraumwohnung in 30455 Hannover als Kapitalanlage;95000.0;40.0;5.4;;45.0;;Neuwertig;-;266.79;https://www.immometrica.com/de/offer/27309274;14–60 Tage;-5;prüfen;False;
Hannover;https://www.immometrica.com/de/offer/26507840;31303;Burgdorf;Vor den Höfen 1, 31303 Burgdorf;Vermietete 2-Zi-Dachgeschosswohnung mit Loggia, EBK, Stellplatz & Keller – ca. 62,5 m² in Burgdorf;139000.0;62.5;5.1;4.1;113.0;;Gepflegt;-;206.84;https://www.immometrica.com/de/offer/26507840;61–180 Tage;-15;prüfen;False;
Hannover;https://www.immometrica.com/de/offer/27667249;30179;Vahrenheide;Radebeuler Hof 1, 30179 Vahrenheide, Hannover;Eigentumswohnung zu verkaufen;135000.0;57.86;5.3;;13.0;;Gepflegt;-;243.46;https://www.immometrica.com/de/offer/27667249;<14 Tage;0;kein Liquiditätsrisiko;False;no_liquidity_issue
Hannover;https://www.immometrica.com/de/offer/27248054;31832;Springe;Hermann-Löns-Str. 1A, 31832 Springe;MGK bietet Springe-Bennigsen: Gut geschnittene 2-Zimmer-Wohnung mit Potenzial zur Kapitalanlage;119900.0;63.42;5.3;4.4;51.0;422.0;Gepflegt;-;181.95;https://www.immometrica.com/de/offer/27248054;14–60 Tage;-5;prüfen;False;
Hannover;https://www.immometrica.com/de/offer/27173481;30880;Alt-Laatzen;30880, Laatzen;Gepflegte und lichtverwöhnte 2-Zimmer-Wohnung in zentraler Wohnlage von Laatzen!;119000.0;57.0;6.0;4.2;56.0;400.0;Gepflegt;-;256.09;https://www.immometrica.com/de/offer/27173481;14–60 Tage;-5;prüfen;False;
Hannover;https://www.immometrica.com/de/offer/27426756;31303;Burgdorf;Hauffstr. 4, 31303 Burgdorf;Charmante 2-Zimmer-Wohnung mit Balkon und modernisierten Ausstattungsdetails in Burgdorf;72000.0;39.0;6.5;5.5;34.0;185.0;Modernisiert;-;334.63;https://www.immometrica.com/de/offer/27426756;14–60 Tage;-5;prüfen;False;
Hannover;https://www.immometrica.com/de/offer/26078923;30823;Garbsen-Mitte;Haberkamp 2, 30823 Garbsen;Gemütliche 1-Zimmer-Wohnung mit Balkon in Garbsen!;94000.0;40.0;5.4;5.4;149.0;;Renovierungsbedürftig;gesunken;253.27;https://www.immometrica.com/de/offer/26078923;61–180 Tage;-15;prüfen;False;
Hannover;https://www.immometrica.com/de/offer/23204182;30938;Burgwedel;Pappelweg 7b, 30938, Burgwedel;attraktive Wohnung zur Kapitalanlage;89000.0;35.0;5.4;5.6;415.0;336.0;Gepflegt;gesunken;237.49;https://www.immometrica.com/de/offer/23204182;>180 Tage;-30;Altinserat-Risiko: sehr lange online;True;stale_listing_risk
Hannover;https://www.immometrica.com/de/offer/27430537;30890;Barsinghausen;Heinrichstraße 1 A, 30890 Barsinghausen (Egestorf);2ZKB Balkon ETW mit Einbauküche und Aussicht am Deister;93500.0;51.0;6.1;;34.0;226.0;Gepflegt;gesunken;323.48;https://www.immometrica.com/de/offer/27430537;14–60 Tage;-5;prüfen;False;
Hannover;https://www.immometrica.com/de/offer/27148238;31535;Neustadt;31535 Neustadt am Rübenberge (Neustadt);2 Zimmer Wohnung in Neustadt am Rbg. zu verkaufen;95000.0;57.0;5.9;;58.0;275.0;Gepflegt;-;283.66;https://www.immometrica.com/de/offer/27148238;14–60 Tage;-5;prüfen;False;
Hannover;https://www.immometrica.com/de/offer/27790552;31275;Lehrte;Amselweg 17, 31275, Lehrte;Sonnige 2-Zimmer-Wohnung mit Balkon in Lehrte – sofort bezugsfrei;139000.0;61.0;5.1;;2.0;224.0;Gepflegt;-;212.95;https://www.immometrica.com/de/offer/27790552;<14 Tage;0;kein Liquiditätsrisiko;False;no_liquidity_issue
Hannover;https://www.immometrica.com/de/offer/27146994;31535;Neustadt;31535 Niedersachsen - Neustadt am Rübenberge 31535 Niedersachsen - Neustadt am Rübenberge;Kleine, feine 2-Zimmer-Wohnung in Neustadt – 39 m² Wohnkomfort;75000.0;39.0;5.6;;59.0;;Renovierungsbedürftig;-;284.96;https://www.immometrica.com/de/offer/27146994;14–60 Tage;-5;prüfen;False;
Hannover;https://www.immometrica.com/de/offer/27553585;30179;Hannover;Plauener Str. 25, 30179 Hannover;KUNZE: Eigennutzer aufgepasst: sanierte Wohnung zum 01.05. bezugsfrei in Hannover-Vahrenheide;79900.0;35.0;6.4;;22.0;326.0;Modernisiert;-;294.23;https://www.immometrica.com/de/offer/27553585;14–60 Tage;-5;prüfen;False;
Hannover;https://www.immometrica.com/de/offer/25137728;30880;Alt-Laatzen;30880 Niedersachsen - Laatzen 30880 Niedersachsen - Laatzen;Laatzen-Grasdorf: Vermietete 2-Zimmer-Wohnung in begehrter Wohngegend!;99000.0;40.65;5.3;3.7;230.0;173.0;Gepflegt;-;274.96;https://www.immometrica.com/de/offer/25137728;>180 Tage;-30;Altinserat-Risiko: sehr lange online;True;stale_listing_risk
Hannover;https://www.immometrica.com/de/offer/27643426;30419;Stöcken;30419 Hannover (Stöcken);1 Zimmer Wohnung in Hannover -Stöcken zu verkaufen;65000.0;19.0;5.6;;15.0;240.0;Gepflegt;-;265.87;https://www.immometrica.com/de/offer/27643426;14–60 Tage;-5;prüfen;False;
Hannover;https://www.immometrica.com/de/offer/27146945;31535;Neustadt;Leinstr. 23, 31535 Neustadt am Rübenberge;Kleine, feine 2-Zimmer-Wohnung in Neustadt - 39 m² Wohnkomfort;75000.0;39.0;5.8;;58.0;;Renovierungsbedürftig;-;279.5;https://www.immometrica.com/de/offer/27146945;14–60 Tage;-5;prüfen;False;
Hannover;https://www.immometrica.com/de/offer/25205348;31303;Burgdorf;Liebermannstr. 13, 31303 Burgdorf;Attraktive Kapitalanlage in Burgdorf!;119000.0;55.0;5.3;4.3;224.0;260.0;Gepflegt;-;228.09;https://www.immometrica.com/de/offer/25205348;>180 Tage;-30;Altinserat-Risiko: sehr lange online;True;stale_listing_risk
Hannover;https://www.immometrica.com/de/offer/25781664;30982;Pattensen;30982, Pattensen;Attraktive Kapitalanlage: 1-Zimmer-Dachgeschosswohnung in Hannover-Pattensen!;74000.0;34.0;5.8;4.9;175.0;;Saniert;-;285.41;https://www.immometrica.com/de/offer/25781664;61–180 Tage;-15;prüfen;False;
Hannover;https://www.immometrica.com/de/offer/23358818;31832;Springe;Steinberg 57, 31832 Springe;Eigennutzung oder Vermietung: Top gepflegte 2-Zimmer-Wohnung mit Terrasse und Garage;99000.0;58.0;5.7;4.5;401.0;232.0;Gepflegt;-;278.23;https://www.immometrica.com/de/offer/23358818;>180 Tage;-30;Altinserat-Risiko: sehr lange online;True;stale_listing_risk
Hannover;https://www.immometrica.com/de/offer/26551035;30179;Hannover;Plauener Str. 25, 30179 Hannover;Schöne Aussichten für Ihr neues Zuhause: 1-Zimmer-Wohnung mit Balkon;85000.0;35.0;6.1;;111.0;;Modernisiert;-;308.91;https://www.immometrica.com/de/offer/26551035;61–180 Tage;-15;Stale Listing Due Diligence: alt, aber eventuell prüfbar;True;stale_due_diligence
Hannover;https://www.immometrica.com/de/offer/25117890;30453;Ahlem;Am Dornbusch 1, 30453 Ahlem, Hannover;1-Zimmer WHG - Kapitalanlage - vermietet über 6,7 % Rendite - 6.600 EUR Kaltmiete p.a. oder frei;99000.0;25.0;5.2;6.7;232.0;180.0;Erstbezug nach Sanierung;-;387.96;https://www.immometrica.com/de/offer/25117890;>180 Tage;-30;Altinserat-Risiko: sehr lange online;True;stale_listing_risk
Hannover;https://www.immometrica.com/de/offer/27187617;30627;Groß Buchholz;Nußriede 19, 30627 Groß-Buchholz, Hannover;Vermietete 1-Zimmer-Wohnung in MHH Nähe!;70000.0;21.45;5.1;6.0;55.0;244.0;Gepflegt;-;287.84;https://www.immometrica.com/de/offer/27187617;14–60 Tage;-5;prüfen;False;
